Timestamp,Event
2025-12-20 18:44:20.993532,APPLICATION STARTED
2025-12-20 18:44:22.488214,APPLICATION STARTED
2025-12-20 18:47:18.705897,APPLICATION STARTED
2025-12-20 18:47:19.084873,APPLICATION STARTED
2025-12-20 18:50:27.915827,APPLICATION STARTED
2025-12-20 18:50:29.406481,APPLICATION STARTED
2025-12-20 18:50:55.095598,APPLICATION STARTED
2025-12-20 18:51:20.072998,LOGIN SUCCESS - user=sahil
2025-12-20 18:51:21.320919,LOGIN SUCCESS - user=soham
2025-12-20 18:55:30.521226,LOGIN SUCCESS - user=sahil
2025-12-20 18:55:32.727457,LOGIN SUCCESS - user=soham
2025-12-20 18:57:59.859910,MESSAGE SENT - user=soham
2025-12-20 18:58:02.996098,MESSAGE SENT - user=sahil
2025-12-20 18:59:08.433843,LOGIN FAILED - user=sahil
2025-12-20 18:59:25.425743,LOGIN FAILED - user=soham
2025-12-20 19:00:18.024752,LOGIN SUCCESS - user=sahil
2025-12-20 19:27:49.520902,LOGIN SUCCESS - user=sahil
2025-12-20 19:28:00.790275,LOGIN FAILED - user=sahil
2025-12-20 19:28:05.179648,LOGIN SUCCESS - user=sahil
2025-12-21 12:21:31.754910,LOGIN SUCCESS - user=sahil
2025-12-21 12:21:48.983157,MESSAGE SENT - user=sahil
2025-12-21 12:22:11.783994,LOGIN SUCCESS - user=soham
2025-12-21 12:22:18.711341,MESSAGE SENT - user=soham
2025-12-21 12:22:23.431005,MESSAGE SENT - user=sahil
2025-12-21 12:22:44.726460,LOGIN FAILED - user=sahil
2025-12-21 12:22:53.393327,LOGIN FAILED - user=sahil
2025-12-21 12:23:01.555755,LOGIN FAILED - user=sahil
2025-12-21 12:23:10.342089,BRUTE FORCE BLOCKED - user=sahil
2025-12-21 12:23:26.487280,BRUTE FORCE BLOCKED - user=sahil
2025-12-21 12:26:41.550835,BRUTE FORCE BLOCKED - user=sahil
2025-12-21 12:27:19.852065,LOGIN SUCCESS - user=soham
2025-12-21 12:35:41.390527,MESSAGE SENT - user=soham
2025-12-21 12:36:33.758979,MESSAGE SENT - user=soham
2025-12-21 12:38:27.861979,MESSAGE SENT - user=soham
2025-12-21 12:57:53.204617,LOGIN SUCCESS - user=soham
2025-12-21 12:59:50.715378,LOGIN SUCCESS - user=soham
2025-12-21 13:04:16.666460,LOGIN SUCCESS - user=soham
2025-12-21 13:05:51.465547,LOGIN SUCCESS - user=soham
2025-12-21 13:05:51.554745,LOGIN SUCCESS - user=soham
2025-12-21 13:08:02.285442,MESSAGE SENT - user=soham
2025-12-21 13:10:57.734280,MESSAGE SENT - user=soham
2025-12-21 13:11:41.252439,MESSAGE SENT - user=soham
2025-12-21 13:13:06.389073,MESSAGE SENT - user=soham
2025-12-21 13:39:15.038193,LOGIN SUCCESS - user=soham - ip=127.0.0.1
2025-12-21 13:41:29.723884,LOGIN SUCCESS - user=soham - ip=127.0.0.1
2025-12-21 13:44:15.190691,LOGIN SUCCESS - user=soham - ip=127.0.0.1
2025-12-21 13:45:44.644725,LOGIN SUCCESS - user=soham - ip=127.0.0.1
2025-12-21 13:47:11.165313,LOGIN SUCCESS - user=soham - ip=127.0.0.1
2025-12-21 13:47:14.027320,LOGOUT - user=soham - ip=127.0.0.1
2025-12-21 13:47:40.859857,LOGIN SUCCESS - user=soham - ip=127.0.0.1
2025-12-21 13:47:44.211657,LOGOUT - user=soham - ip=127.0.0.1
2025-12-21 13:47:44.229895,LOGOUT - user=unknown - ip=127.0.0.1
2025-12-21 13:48:16.562915,LOGIN SUCCESS - user=soham - ip=127.0.0.1
2025-12-21 13:48:16.650336,LOGIN SUCCESS - user=soham - ip=127.0.0.1
2025-12-21 13:48:17.707871,LOGOUT - user=soham - ip=127.0.0.1
2025-12-21 14:24:25.668125,LOGIN SUCCESS - user=soham - ip=127.0.0.1
2025-12-21 14:24:25.757152,LOGIN SUCCESS - user=soham - ip=127.0.0.1
2025-12-21 14:24:27.409199,UNAUTHORIZED ADMIN ACCESS - user=soham - ip=127.0.0.1
2025-12-21 14:24:29.702878,LOGIN SUCCESS - user=soham - ip=127.0.0.1
2025-12-21 14:24:31.721735,UNAUTHORIZED ADMIN ACCESS - user=soham - ip=127.0.0.1
2025-12-21 14:25:17.440456,UNAUTHORIZED ADMIN ACCESS - user=soham - ip=127.0.0.1
2025-12-21 14:25:25.181348,UNAUTHORIZED ADMIN ACCESS - user=soham - ip=127.0.0.1
2025-12-21 14:25:25.200592,UNAUTHORIZED ADMIN ACCESS - user=soham - ip=127.0.0.1
2025-12-21 14:25:27.749335,LOGIN SUCCESS - user=soham - ip=127.0.0.1
2025-12-21 14:37:59.879927,UNAUTHORIZED ADMIN ACCESS - user=soham - ip=127.0.0.1
2025-12-21 14:38:01.372786,LOGIN SUCCESS - user=soham - ip=127.0.0.1
2025-12-21 14:38:01.460235,LOGIN SUCCESS - user=soham - ip=127.0.0.1
2025-12-21 14:40:37.369298,UNAUTHORIZED ADMIN ACCESS - user=soham - ip=127.0.0.1
2025-12-21 14:40:47.341563,LOGIN FAILED - user=admin
2025-12-21 14:42:38.990463,LOGIN SUCCESS - user=soham - ip=127.0.0.1
2025-12-21 14:42:40.257398,UNAUTHORIZED ADMIN ACCESS - user=soham - ip=127.0.0.1
2025-12-21 14:42:55.189602,LOGIN FAILED - user=admin
2025-12-21 14:44:41.185403,LOGIN SUCCESS - user=soham - ip=127.0.0.1
2025-12-21 14:44:42.224476,UNAUTHORIZED ADMIN ACCESS - user=soham - ip=127.0.0.1
2025-12-21 14:44:53.068010,LOGIN SUCCESS - user=admin - ip=127.0.0.1
2025-12-21 15:32:22.560669,LOGIN SUCCESS - user=sahil - ip=127.0.0.1
2025-12-21 15:32:24.564255,UNAUTHORIZED ADMIN ACCESS - user=sahil - ip=127.0.0.1
2025-12-21 15:32:35.648509,LOGIN SUCCESS - user=admin - ip=127.0.0.1
2025-12-21 19:03:40.709973,LOGIN SUCCESS - user=admin - ip=127.0.0.1
2025-12-21 19:04:27.866525,LOGOUT - user=admin - ip=127.0.0.1
2025-12-21 19:18:10.912101,LOGIN SUCCESS - user=sahil - ip=127.0.0.1
2025-12-21 19:18:18.827514,SECURE HTTP HEADERS ENABLED
2025-12-21 19:18:18.865529,SECURE HTTP HEADERS ENABLED
2025-12-21 19:18:18.866976,SECURE HTTP HEADERS ENABLED
2025-12-21 19:18:18.870355,SECURE HTTP HEADERS ENABLED
2025-12-21 19:18:21.082684,LOGOUT - user=sahil - ip=127.0.0.1
2025-12-21 19:18:21.083023,SECURE HTTP HEADERS ENABLED
2025-12-21 19:18:21.086834,SECURE HTTP HEADERS ENABLED
2025-12-21 19:18:21.096693,SECURE HTTP HEADERS ENABLED
2025-12-21 19:18:22.110888,LOGIN SUCCESS - user=sahil - ip=127.0.0.1
2025-12-21 19:18:22.111401,SECURE HTTP HEADERS ENABLED
2025-12-21 19:18:22.114239,SECURE HTTP HEADERS ENABLED
2025-12-21 19:18:22.127132,SECURE HTTP HEADERS ENABLED
2025-12-21 19:18:22.129533,SECURE HTTP HEADERS ENABLED
2025-12-21 19:18:22.130923,SECURE HTTP HEADERS ENABLED
2025-12-21 19:18:32.673348,LOGIN SUCCESS - user=sahil - ip=127.0.0.1
2025-12-21 19:18:32.673711,SECURE HTTP HEADERS ENABLED
2025-12-21 19:18:32.676464,SECURE HTTP HEADERS ENABLED
2025-12-21 19:18:32.687646,SECURE HTTP HEADERS ENABLED
2025-12-21 19:18:32.690369,SECURE HTTP HEADERS ENABLED
2025-12-21 19:18:32.693231,SECURE HTTP HEADERS ENABLED
2025-12-21 19:20:48.205405,LOGIN SUCCESS - user=sahil - ip=127.0.0.1
2025-12-21 19:20:48.205778,SECURE HTTP HEADERS ENABLED
2025-12-21 19:20:48.211386,SECURE HTTP HEADERS ENABLED
2025-12-21 19:20:48.254480,SECURE HTTP HEADERS ENABLED
2025-12-21 19:20:48.256071,SECURE HTTP HEADERS ENABLED
2025-12-21 19:20:48.258664,SECURE HTTP HEADERS ENABLED
2025-12-21 19:22:33.829089,SECURE HTTP HEADERS CONFIGURED
2025-12-21 19:22:45.604296,LOGIN SUCCESS - user=sahil - ip=127.0.0.1
2025-12-21 19:22:52.500513,LOGIN SUCCESS - user=sahil - ip=127.0.0.1
2025-12-21 19:23:09.475780,SECURE HTTP HEADERS CONFIGURED
2025-12-21 19:23:16.610079,LOGIN SUCCESS - user=sahil - ip=127.0.0.1
2025-12-21 19:23:21.296583,LOGIN SUCCESS - user=sahil - ip=127.0.0.1
2025-12-21 19:24:05.403050,SECURE HTTP HEADERS CONFIGURED
2025-12-21 19:24:12.432844,LOGIN SUCCESS - user=sahil - ip=127.0.0.1
2025-12-21 19:24:40.269770,SECURE HTTP HEADERS CONFIGURED
2025-12-21 19:24:47.009449,LOGIN SUCCESS - user=sahil - ip=127.0.0.1
2025-12-21 19:24:53.335144,LOGIN SUCCESS - user=sahil - ip=127.0.0.1
2025-12-21 19:25:13.645662,SECURE HTTP HEADERS CONFIGURED
2025-12-21 19:25:14.037196,SECURE HTTP HEADERS CONFIGURED
2025-12-21 19:25:20.732947,LOGIN SUCCESS - user=sahil - ip=127.0.0.1
2025-12-21 19:25:34.605075,SECURE HTTP HEADERS CONFIGURED
2025-12-21 19:25:50.383970,SECURE HTTP HEADERS CONFIGURED
2025-12-21 19:25:50.772826,SECURE HTTP HEADERS CONFIGURED
2025-12-21 19:25:53.452263,LOGIN SUCCESS - user=sahil - ip=127.0.0.1
2025-12-21 19:25:59.658276,UNAUTHORIZED ADMIN ACCESS - user=sahil - ip=127.0.0.1
2025-12-21 19:29:32.495566,LOGIN SUCCESS - user=sahil - ip=127.0.0.1
2025-12-21 19:29:38.802904,UNAUTHORIZED ADMIN ACCESS - user=sahil - ip=127.0.0.1
2025-12-21 19:29:40.347423,LOGIN SUCCESS - user=sahil - ip=127.0.0.1
2025-12-21 19:29:41.729213,UNAUTHORIZED ADMIN ACCESS - user=sahil - ip=127.0.0.1
2025-12-21 19:47:21.921515,LOGIN SUCCESS - user=sahil - ip=127.0.0.1
2025-12-21 19:48:55.137504,LOGOUT - user=sahil - ip=127.0.0.1
2025-12-21 19:48:59.046799,LOGIN SUCCESS - user=sahil - ip=127.0.0.1
2025-12-21 19:59:15.940981,LOGIN SUCCESS - user=sahil - ip=127.0.0.1
2025-12-21 19:59:30.145465,UNAUTHORIZED ADMIN ACCESS - user=sahil - ip=127.0.0.1
2025-12-21 19:59:43.142969,LOGIN SUCCESS - user=admin - ip=127.0.0.1
2025-12-21 20:00:34.496789,SECURE HTTP HEADERS CONFIGURED
2025-12-21 20:00:34.908687,SECURE HTTP HEADERS CONFIGURED
2025-12-21 20:00:52.353024,SECURE HTTP HEADERS CONFIGURED
2025-12-21 20:00:52.763269,SECURE HTTP HEADERS CONFIGURED
2025-12-21 20:09:33.435888,SECURE HTTP HEADERS CONFIGURED
2025-12-21 20:10:14.236971,SECURE HTTP HEADERS CONFIGURED
2025-12-21 20:10:51.995139,SECURE HTTP HEADERS CONFIGURED
2025-12-21 20:11:16.673422,SECURE HTTP HEADERS CONFIGURED
2025-12-21 20:13:23.129393,SECURE HTTP HEADERS CONFIGURED
2025-12-21 20:14:23.075341,SECURE HTTP HEADERS CONFIGURED
2025-12-21 20:16:10.425724,SECURE HTTP HEADERS CONFIGURED
2025-12-21 20:16:28.047782,SECURE HTTP HEADERS CONFIGURED
2025-12-21 20:17:05.461924,LOGIN SUCCESS - user=admin - ip=127.0.0.1
2025-12-21 20:17:15.726580,LOGIN SUCCESS - user=sahil - ip=127.0.0.1
2025-12-21 20:17:43.048735,ADMIN LOGIN FAILED - admin=admin - ip=127.0.0.1
2025-12-21 20:18:01.909900,ADMIN LOGIN FAILED - admin=admin - ip=127.0.0.1
2025-12-21 20:18:24.607544,ADMIN LOGIN FAILED - admin=admin - ip=127.0.0.1
2025-12-21 20:18:33.236688,ADMIN LOGIN FAILED - admin=admin - ip=127.0.0.1
2025-12-21 20:20:28.351230,SECURE HTTP HEADERS CONFIGURED
2025-12-21 20:20:34.911689,ADMIN LOGIN SUCCESS - admin=admin - ip=127.0.0.1
2025-12-21 20:33:06.227543,SECURE HTTP HEADERS CONFIGURED
2026-01-08 17:43:28.154092,SECURE HTTP HEADERS CONFIGURED
2026-01-08 17:43:28.874513,SECURE HTTP HEADERS CONFIGURED
2026-01-08 17:45:29.896585,SECURE HTTP HEADERS CONFIGURED
2026-01-08 17:45:30.281460,SECURE HTTP HEADERS CONFIGURED
2026-01-08 17:46:43.804556,LOGIN SUCCESS - user=admin - ip=127.0.0.1
2026-01-08 17:47:49.275924,LOGIN SUCCESS - user=sahil - ip=127.0.0.1
2026-01-08 17:48:59.378268,ADMIN LOGIN FAILED - admin=admin - ip=127.0.0.1
2026-01-08 17:51:44.081213,ADMIN LOGIN FAILED - admin=admin - ip=127.0.0.1
2026-01-08 17:58:37.978914,ADMIN LOGIN FAILED - admin=admin - ip=127.0.0.1
2026-01-08 17:59:31.309981,ADMIN LOGIN FAILED - admin=admin - ip=127.0.0.1
2026-01-08 17:59:42.429010,ADMIN LOGIN FAILED - admin=admin - ip=127.0.0.1
2026-01-08 18:06:52.992694,SECURE HTTP HEADERS CONFIGURED
2026-01-08 18:06:53.375039,SECURE HTTP HEADERS CONFIGURED
2026-01-08 18:07:18.732768,ADMIN LOGIN SUCCESS - admin=admin - ip=127.0.0.1
2026-01-08 18:30:14.033321,LOGIN FAILED - user=sahil
2026-01-08 18:30:44.109364,LOGIN FAILED - user=sahil
2026-01-08 18:31:05.143187,LOGIN SUCCESS - user=sahil - ip=127.0.0.1
2026-01-08 18:31:23.375732,LOGOUT - user=sahil - ip=127.0.0.1
2026-01-08 18:31:34.145807,LOGIN FAILED - user=sahil
2026-01-08 18:31:44.807659,LOGIN SUCCESS - user=sahil - ip=127.0.0.1
2026-01-08 18:31:47.445950,LOGOUT - user=sahil - ip=127.0.0.1
2026-01-08 18:31:55.051215,LOGIN SUCCESS - user=sahil - ip=127.0.0.1
2026-01-08 18:32:03.061250,LOGIN FAILED - user=sahil
2026-01-08 18:32:06.768444,LOGIN FAILED - user=sahil
2026-01-08 18:32:10.673888,LOGIN FAILED - user=sahil
2026-01-08 18:32:13.952399,BRUTE FORCE BLOCKED - user=sahil - ip=127.0.0.1
2026-01-08 19:38:32.058206,LOGIN SUCCESS - user=sahil - ip=127.0.0.1
2026-01-08 20:24:05.706470,SECURE HTTP HEADERS CONFIGURED
2026-01-08 20:24:06.107855,SECURE HTTP HEADERS CONFIGURED
2026-01-08 20:30:17.932304,SECURE HTTP HEADERS CONFIGURED
2026-01-08 20:31:29.075752,SECURE HTTP HEADERS CONFIGURED
2026-01-08 20:32:23.028437,SECURE HTTP HEADERS CONFIGURED
2026-01-08 20:33:00.240423,SECURE HTTP HEADERS CONFIGURED
2026-01-08 20:33:00.636627,SECURE HTTP HEADERS CONFIGURED
2026-01-08 20:47:46.725368,SECURE HTTP HEADERS CONFIGURED
2026-01-08 20:51:32.348429,SECURE HTTP HEADERS CONFIGURED
2026-01-08 20:51:32.750726,SECURE HTTP HEADERS CONFIGURED
2026-01-08 20:51:59.300648,UNAUTHORIZED ADMIN ACCESS - ip=127.0.0.1
2026-01-08 20:52:12.167449,ADMIN LOGIN SUCCESS - admin=admin - ip=127.0.0.1
2026-01-08 21:01:32.976314,SECURE HTTP HEADERS CONFIGURED
2026-01-08 21:01:33.366788,SECURE HTTP HEADERS CONFIGURED
2026-01-08 21:01:42.092719,ADMIN LOGIN FAILED - admin=sahil - ip=127.0.0.1
2026-01-08 21:01:53.585307,ADMIN LOGIN SUCCESS - admin=admin - ip=127.0.0.1
2026-01-08 21:03:51.820720,SECURE HTTP HEADERS CONFIGURED
2026-01-08 21:14:09.844550,SECURE HTTP HEADERS CONFIGURED
2026-01-08 21:14:13.378250,SECURE HTTP HEADERS CONFIGURED
2026-01-08 21:53:17.385322,SECURE HTTP HEADERS CONFIGURED
2026-01-08 21:53:17.791106,SECURE HTTP HEADERS CONFIGURED
2026-01-08 21:59:12.341237,ADMIN LOGIN SUCCESS - admin=admin - ip=127.0.0.1
2026-01-08 22:03:41.678589,SECURE HTTP HEADERS CONFIGURED
2026-01-08 22:03:50.691040,SECURE HTTP HEADERS CONFIGURED
2026-01-08 22:03:51.086256,SECURE HTTP HEADERS CONFIGURED
2026-01-08 22:03:59.920222,ADMIN LOGIN SUCCESS - admin=admin - ip=127.0.0.1
2026-01-13 12:37:41.180855,SECURE HTTP HEADERS CONFIGURED
2026-01-13 12:37:41.913327,SECURE HTTP HEADERS CONFIGURED
2026-01-13 12:39:19.151029,LOGIN SUCCESS - user=soham - ip=127.0.0.1
2026-01-13 12:40:09.777573,LOGIN FAILED - user=admin
2026-01-13 12:40:40.922866,LOGIN FAILED - user=admin
2026-01-13 12:40:58.325378,LOGIN SUCCESS - user=soham - ip=127.0.0.1
2026-01-13 13:08:35.905305,LOGIN SUCCESS - user=soham - ip=127.0.0.1
2026-01-13 13:08:36.000769,LOGIN SUCCESS - user=soham - ip=127.0.0.1
2026-01-13 13:11:21.002352,ADMIN LOGIN SUCCESS - admin=admin - ip=127.0.0.1
2026-01-13 13:11:59.517937,LOGIN FAILED - user=admin
2026-01-13 13:12:04.272516,LOGIN SUCCESS - user=soham - ip=127.0.0.1
2026-01-13 13:12:46.857790,LOGIN SUCCESS - user=sahil - ip=127.0.0.1
2026-01-13 13:12:59.789932,MESSAGE SENT - user=sahil
2026-01-13 13:13:07.501947,MESSAGE SENT - user=soham
2026-01-13 13:13:15.590617,MESSAGE SENT - user=soham
2026-01-13 13:23:57.464947,SECURE HTTP HEADERS CONFIGURED
2026-01-13 13:24:12.135814,LOGIN FAILED - user=admin
2026-01-13 13:24:12.230420,LOGIN FAILED - user=admin
2026-01-13 13:24:15.280650,LOGIN SUCCESS - user=sahil - ip=127.0.0.1
2026-01-13 13:24:15.370491,LOGIN SUCCESS - user=sahil - ip=127.0.0.1
2026-01-13 13:25:14.553969,SECURE HTTP HEADERS CONFIGURED
2026-01-13 13:27:31.055120,SECURE HTTP HEADERS CONFIGURED
2026-01-13 13:28:01.495702,LOGIN SUCCESS - user=sahil - ip=127.0.0.1
2026-01-13 13:45:47.388924,SECURE HTTP HEADERS CONFIGURED
2026-01-13 13:46:19.155561,SECURE HTTP HEADERS CONFIGURED
2026-01-13 13:46:28.880718,LOGIN SUCCESS - user=sahil - ip=127.0.0.1
2026-01-13 13:46:32.632970,LOGIN SUCCESS - user=sahil - ip=127.0.0.1
2026-01-13 13:49:09.970711,SECURE HTTP HEADERS CONFIGURED
2026-01-13 13:49:29.642839,SECURE HTTP HEADERS CONFIGURED
2026-01-13 13:49:35.274897,LOGIN SUCCESS - user=sahil - ip=127.0.0.1
2026-01-13 13:49:36.639037,UNAUTHORIZED ADMIN PAGE ACCESS - user=sahil - ip=127.0.0.1
2026-01-13 13:49:48.988867,UNAUTHORIZED ADMIN PAGE ACCESS - user=sahil - ip=127.0.0.1
2026-01-13 13:50:05.724661,UNAUTHORIZED ADMIN PAGE ACCESS - user=sahil - ip=127.0.0.1
2026-01-13 13:51:48.762133,LOGOUT - user=sahil - ip=127.0.0.1
2026-01-13 13:52:19.516893,ADMIN LOGIN SUCCESS - admin=admin - ip=127.0.0.1
2026-01-13 23:04:07.621798,SECURE HTTP HEADERS CONFIGURED
2026-01-13 23:04:08.361189,SECURE HTTP HEADERS CONFIGURED
2026-01-13 23:06:48.572539,LOGIN SUCCESS - user=Shweta - ip=127.0.0.1
2026-01-13 23:07:02.269408,MESSAGE SENT - user=Shweta
2026-01-13 23:08:04.868793,LOGIN FAILED - user=Kru
2026-01-13 23:08:18.656980,LOGIN SUCCESS - user=Krutika  - ip=127.0.0.1
2026-01-13 23:08:27.478203,MESSAGE SENT - user=Krutika
2026-01-13 23:08:35.950248,MESSAGE SENT - user=Krutika
2026-01-13 23:08:47.197143,MESSAGE SENT - user=Shweta
2026-01-13 23:09:07.582178,UNAUTHORIZED ADMIN PAGE ACCESS - user=Krutika  - ip=127.0.0.1
2026-01-13 23:10:04.302566,MESSAGE SENT - user=Krutika
2026-01-13 23:10:11.630655,MESSAGE SENT - user=Krutika
2026-01-13 23:10:21.286067,MESSAGE SENT - user=Krutika
2026-01-13 23:10:26.213928,MESSAGE SENT - user=Krutika
2026-01-13 23:10:41.942425,MESSAGE SENT - user=Krutika
2026-01-13 23:10:47.373669,MESSAGE SENT - user=Krutika
2026-01-13 23:10:51.021113,LOGOUT - user=Krutika  - ip=127.0.0.1
2026-01-13 23:10:55.228732,LOGOUT - user=unknown - ip=127.0.0.1
2026-01-13 23:10:58.000901,LOGIN FAILED - user=Krutika
2026-01-13 23:11:06.159984,LOGIN FAILED - user=Krutika
2026-01-13 23:11:30.891760,SECURE HTTP HEADERS CONFIGURED
2026-01-13 23:11:31.309507,SECURE HTTP HEADERS CONFIGURED
2026-01-13 23:11:36.129116,LOGIN FAILED - user=Krutika
2026-01-13 23:12:00.592592,LOGIN FAILED - user=Krutika
2026-01-13 23:12:07.008834,LOGIN FAILED - user=Krutika
2026-01-13 23:12:32.182813,LOGIN SUCCESS - user=Shweta - ip=127.0.0.1
2026-01-13 23:12:40.299455,LOGIN SUCCESS - user=sahil - ip=127.0.0.1
2026-01-13 23:12:46.101862,MESSAGE SENT - user=Shweta
2026-01-13 23:12:52.662252,MESSAGE SENT - user=sahil
2026-01-13 23:13:04.569598,LOGIN SUCCESS - user=soham - ip=127.0.0.1
2026-01-13 23:13:09.710875,MESSAGE SENT - user=soham
2026-01-13 23:13:30.491489,UNAUTHORIZED ADMIN PAGE ACCESS - user=soham - ip=127.0.0.1
2026-01-13 23:13:47.045964,ADMIN LOGIN SUCCESS - admin=admin - ip=127.0.0.1
2026-01-13 23:16:35.589224,LOGOUT - user=unknown - ip=127.0.0.1
2026-01-13 23:16:40.923874,LOGOUT - user=unknown - ip=127.0.0.1
2026-01-13 23:31:13.896846,LOGIN SUCCESS - user=soham - ip=127.0.0.1
2026-01-13 23:34:20.493271,SECURE HTTP HEADERS CONFIGURED
2026-01-13 23:36:10.173517,SECURE HTTP HEADERS CONFIGURED
2026-01-13 23:42:53.073678,ADMIN LOGIN SUCCESS - admin=admin - ip=127.0.0.1
2026-01-14 00:13:19.366968,SECURE HTTP HEADERS CONFIGURED
2026-01-14 00:14:17.840024,SECURE HTTP HEADERS CONFIGURED
2026-01-14 00:15:31.017062,LOGIN SPIKE CRITICAL - failed=35
2026-01-14 00:16:42.580152,SECURE HTTP HEADERS CONFIGURED
2026-01-14 00:16:44.728712,LOGIN SPIKE CRITICAL - failed=35
2026-01-14 00:16:51.992478,LOGIN SPIKE CRITICAL - failed=35
2026-01-14 00:17:38.965725,LOGIN FAILED - user=soham
2026-01-14 00:17:45.096376,LOGIN FAILED - user=asfjksbv
2026-01-14 00:17:45.498714,LOGIN FAILED - user=admin
2026-01-14 00:17:45.768482,LOGIN FAILED - user=admin
2026-01-14 00:17:51.997630,LOGIN FAILED - user=sdvkjkbv
2026-01-14 00:17:52.293039,LOGIN FAILED - user=admin
2026-01-14 00:17:55.573692,LOGIN SPIKE CRITICAL - failed=41
2026-01-14 00:17:56.543944,LOGIN SPIKE CRITICAL - failed=41
2026-01-14 00:18:04.111422,LOGIN SUCCESS - user=soham - ip=127.0.0.1
2026-01-14 00:18:27.353138,LOGIN SUCCESS - user=sahil - ip=127.0.0.1
2026-01-14 00:18:32.892903,MESSAGE SENT - user=sahil
2026-01-14 00:18:36.363751,UNAUTHORIZED ADMIN ACCESS - ip=127.0.0.1
2026-01-14 00:18:43.016421,ADMIN LOGIN SUCCESS - admin=admin - ip=127.0.0.1
2026-01-14 00:18:43.024528,LOGIN SPIKE CRITICAL - failed=41
2026-01-14 00:39:23.771272,LOGIN SPIKE CRITICAL - failed=41
2026-01-14 01:19:34.632434,SECURE HTTP HEADERS CONFIGURED
2026-01-14 01:24:07.758678,SECURE HTTP HEADERS CONFIGURED
2026-01-14 01:24:08.186366,SECURE HTTP HEADERS CONFIGURED
2026-01-14 01:29:00.479458,SECURE HTTP HEADERS CONFIGURED
2026-01-14 01:36:54.437781,SECURE HTTP HEADERS CONFIGURED
2026-01-14 01:37:12.190639,SECURE HTTP HEADERS CONFIGURED
2026-01-14 01:37:50.103998,LOGIN SPIKE CRITICAL - failed=41
2026-01-14 01:42:16.800712,SECURE HTTP HEADERS CONFIGURED
2026-01-14 01:42:18.918065,LOGIN SPIKE CRITICAL - failed=41
2026-01-14 01:44:28.123456,SECURE HTTP HEADERS CONFIGURED
2026-01-14 01:44:32.909121,LOGOUT - user=unknown - ip=127.0.0.1
2026-01-14 01:44:43.457090,LOGIN FAILED - user=svldvkjbb
2026-01-14 01:44:48.833684,LOGIN FAILED - user=dbvndjb
2026-01-14 01:44:53.633702,LOGIN FAILED - user=slkbnkjbd b
2026-01-14 01:44:58.632108,LOGIN FAILED - user=wjsfvbiujb
2026-01-14 01:45:04.262819,LOGIN FAILED - user=sdjvbv
2026-01-14 01:45:09.449586,LOGIN FAILED - user=plwameflkbvb
2026-01-14 01:45:14.099238,LOGIN FAILED - user=ervbkj kjb
2026-01-14 01:45:18.715146,LOGIN FAILED - user=rvbjavb
2026-01-14 01:45:25.090922,LOGIN FAILED - user=b abj g
2026-01-14 01:45:25.106944,LOGIN FAILED - user=b abj g
2026-01-14 01:45:28.115221,UNAUTHORIZED ADMIN ACCESS - ip=127.0.0.1
2026-01-14 01:45:31.655221,ADMIN LOGIN SUCCESS - admin=admin - ip=127.0.0.1
2026-01-14 01:45:31.669544,LOGIN SPIKE CRITICAL - failed=51
2026-01-14 01:45:44.441999,LOGIN SPIKE CRITICAL - failed=51
2026-01-14 01:46:06.944159,LOGIN SPIKE CRITICAL - failed=51
2026-01-14 01:46:14.475292,LOGIN SUCCESS - user=sahil - ip=127.0.0.1
2026-01-14 01:46:17.236672,LOGOUT - user=sahil - ip=127.0.0.1
2026-01-14 01:46:20.366965,LOGIN SUCCESS - user=soham - ip=127.0.0.1
2026-01-14 01:46:22.361376,UNAUTHORIZED ADMIN ACCESS - ip=127.0.0.1
2026-01-14 01:46:26.045998,ADMIN LOGIN SUCCESS - admin=admin - ip=127.0.0.1
2026-01-14 01:46:26.056271,LOGIN SPIKE CRITICAL - failed=51
2026-01-14 01:46:56.970296,LOGIN SPIKE CRITICAL - failed=51
2026-01-14 01:47:01.914560,LOGIN SPIKE CRITICAL - failed=51
2026-01-14 01:48:02.217010,LOGIN SUCCESS - user=Shweta - ip=127.0.0.1
2026-01-14 01:48:06.505223,UNAUTHORIZED ADMIN ACCESS - ip=127.0.0.1
2026-01-14 01:48:09.614473,ADMIN LOGIN SUCCESS - admin=admin - ip=127.0.0.1
2026-01-14 01:48:09.624816,LOGIN SPIKE CRITICAL - failed=51
2026-01-14 02:11:08.678525,SECURE HTTP HEADERS CONFIGURED
2026-01-14 02:11:32.218881,LOGIN SPIKE CRITICAL - failed=51
2026-01-14 02:11:54.103878,LOGIN SPIKE CRITICAL - failed=51
2026-01-14 02:11:58.273240,LOGIN SPIKE CRITICAL - failed=51
2026-01-14 02:12:02.817107,LOGIN SPIKE CRITICAL - failed=51
2026-01-14 02:12:15.389226,LOGIN SUCCESS - user=soham - ip=127.0.0.1
2026-01-14 02:12:18.251902,UNAUTHORIZED ADMIN PAGE ACCESS - user=soham - ip=127.0.0.1
2026-01-14 02:30:59.436005,LOGIN SUCCESS - user=soham - ip=127.0.0.1
2026-01-14 02:31:06.699222,UNAUTHORIZED ADMIN PAGE ACCESS - user=soham - ip=127.0.0.1
2026-01-14 02:31:26.981599,ADMIN LOGIN SUCCESS - admin=admin - ip=127.0.0.1
2026-01-14 02:31:26.991264,LOGIN SPIKE CRITICAL - failed=51
2026-01-14 02:32:37.752481,LOGIN FAILED - user=admin
2026-01-14 02:39:24.051959,SECURE HTTP HEADERS CONFIGURED
2026-01-14 02:40:22.355729,SECURE HTTP HEADERS CONFIGURED
2026-01-14 02:40:30.011608,SECURE HTTP HEADERS CONFIGURED
2026-01-14 02:44:42.056361,SECURE HTTP HEADERS CONFIGURED
2026-01-14 02:44:42.596531,SECURE HTTP HEADERS CONFIGURED
2026-01-14 02:44:49.496264,LOGIN SUCCESS - user=soham - ip=127.0.0.1
2026-01-14 02:45:01.985728,ADMIN LOGIN SUCCESS - admin=admin - ip=127.0.0.1
2026-01-14 02:45:02.000637,LOGIN SPIKE CRITICAL - failed=52
2026-01-14 02:45:32.202276,LOGIN SPIKE CRITICAL - failed=52
2026-01-14 02:48:40.186638,SECURE HTTP HEADERS CONFIGURED
2026-01-14 02:48:55.031878,SECURE HTTP HEADERS CONFIGURED
2026-01-14 02:49:16.639196,LOGIN SPIKE CRITICAL - failed=52
2026-01-14 02:49:19.631028,LOGIN SPIKE CRITICAL - failed=52
2026-01-14 02:49:36.672613,LOGIN SPIKE CRITICAL - failed=52
2026-01-14 02:52:13.141859,SECURE HTTP HEADERS CONFIGURED
2026-01-14 02:53:27.953957,SECURE HTTP HEADERS CONFIGURED
2026-01-14 02:55:44.676284,SECURE HTTP HEADERS CONFIGURED
2026-01-14 02:56:06.577036,SECURE HTTP HEADERS CONFIGURED
2026-01-14 02:56:59.143869,LOGIN SPIKE CRITICAL - failed=52
2026-01-14 02:57:02.164129,LOGIN SPIKE CRITICAL - failed=52
2026-01-14 15:36:46.725445,SECURE HTTP HEADERS CONFIGURED
2026-01-14 15:36:47.457166,SECURE HTTP HEADERS CONFIGURED
2026-01-14 15:36:55.560489,LOGIN SUCCESS - user=soham - ip=127.0.0.1
2026-01-14 15:36:58.522704,UNAUTHORIZED ADMIN PAGE ACCESS - user=soham - ip=127.0.0.1
2026-01-14 15:37:10.041388,ADMIN LOGIN SUCCESS - admin=admin - ip=127.0.0.1
2026-01-14 15:37:10.064025,LOGIN SPIKE CRITICAL - failed=52
2026-01-14 15:37:48.097525,LOGIN FAILED - user=admin
2026-01-14 15:37:57.425138,LOGIN FAILED - user=bedjsnb
2026-01-14 15:38:01.581138,LOGIN FAILED - user=dbirkhbb
2026-01-14 15:38:01.790281,LOGIN SUCCESS - user=soham - ip=127.0.0.1
2026-01-14 15:38:06.632850,LOGIN FAILED - user=rjtymn
2026-01-14 15:38:09.142767,LOGIN FAILED - user=yrjtm
2026-01-14 15:38:11.549635,LOGIN FAILED - user=yjytjt
2026-01-14 15:38:14.021614,LOGIN FAILED - user=yjytjm
2026-01-14 15:38:16.362853,LOGIN FAILED - user=yjtyjyt
2026-01-14 15:38:19.199595,LOGIN FAILED - user=ytjytjty
2026-01-14 15:38:21.676937,LOGIN FAILED - user=jtyjty
2026-01-14 15:38:23.246864,LOGIN FAILED - user=htrj
2026-01-14 15:38:23.493805,LOGIN SUCCESS - user=soham - ip=127.0.0.1
2026-01-14 15:38:41.933159,ADMIN LOGIN SUCCESS - admin=admin - ip=127.0.0.1
2026-01-14 15:38:41.943383,LOGIN SPIKE CRITICAL - failed=63
2026-01-14 15:39:16.076393,LOGIN SUCCESS - user=soham - ip=127.0.0.1
2026-01-14 15:39:24.047070,LOGIN SUCCESS - user=Shweta - ip=127.0.0.1
2026-01-14 15:39:30.515861,MESSAGE SENT - user=soham
2026-01-14 15:39:35.331428,MESSAGE SENT - user=Shweta
2026-01-14 15:41:45.485675,LOGIN FAILED - user=Saurabh
2026-01-14 15:42:01.579903,LOGIN FAILED - user=Saurabh
2026-01-14 15:42:34.686621,LOGIN FAILED - user=Saurabh
2026-01-14 15:42:46.001459,BRUTE FORCE BLOCKED - user=Saurabh - ip=127.0.0.1
2026-01-14 15:43:33.473125,LOGIN SUCCESS - user=Rushikesh - ip=127.0.0.1
2026-01-14 15:44:15.523528,MESSAGE SENT - user=Rushikesh
2026-01-14 15:44:28.138788,UNAUTHORIZED LOG ACCESS - ip=127.0.0.1
2026-01-14 15:44:34.276448,ADMIN LOGIN SUCCESS - admin=admin - ip=127.0.0.1
2026-01-14 15:44:34.287397,LOGIN SPIKE CRITICAL - failed=66
2026-01-14 15:46:25.545181,LOGIN SUCCESS - user=Rushikesh - ip=127.0.0.1
2026-01-14 15:46:27.234769,LOGOUT - user=Rushikesh - ip=127.0.0.1
2026-01-14 15:46:49.174402,ADMIN LOGIN FAILED - admin=Rushikesh - ip=127.0.0.1
2026-01-14 15:46:54.718499,ADMIN LOGIN SUCCESS - admin=admin - ip=127.0.0.1
2026-01-14 15:46:54.728905,LOGIN SPIKE CRITICAL - failed=67
2026-01-14 23:21:53.118210,SECURE HTTP HEADERS CONFIGURED
2026-01-14 23:21:53.975148,SECURE HTTP HEADERS CONFIGURED
2026-01-14 23:22:02.443536,LOGIN SUCCESS - user=Shweta - ip=127.0.0.1
2026-01-14 23:42:23.312488,ADMIN LOGIN SUCCESS - admin=admin - ip=127.0.0.1
2026-01-14 23:42:23.334245,LOGIN SPIKE CRITICAL - failed=67
2026-01-14 23:42:26.887994,LOGIN SPIKE CRITICAL - failed=67
2026-01-14 23:58:11.950649,SECURE HTTP HEADERS CONFIGURED
2026-01-14 23:59:21.006841,SECURE HTTP HEADERS CONFIGURED
2026-01-15 00:02:29.963351,LOGIN SPIKE CRITICAL - failed=67
2026-01-15 00:02:39.327579,LOGIN SPIKE CRITICAL - failed=67
2026-01-15 00:04:43.333519,SECURE HTTP HEADERS CONFIGURED
2026-01-15 00:04:43.872950,SECURE HTTP HEADERS CONFIGURED
2026-01-15 00:04:47.498735,LOGIN SPIKE CRITICAL - failed=67
2026-01-15 00:05:01.653274,ADMIN LOGIN SUCCESS - admin=admin - ip=127.0.0.1
2026-01-15 00:05:01.664090,LOGIN SPIKE CRITICAL - failed=67
2026-01-15 00:09:14.132678,SECURE HTTP HEADERS CONFIGURED
2026-01-15 00:09:34.175177,SECURE HTTP HEADERS CONFIGURED
2026-01-15 00:09:39.410825,SECURE HTTP HEADERS CONFIGURED
2026-01-15 00:09:39.910461,SECURE HTTP HEADERS CONFIGURED
2026-01-15 00:09:47.501787,ADMIN LOGIN SUCCESS - admin=admin - ip=127.0.0.1
2026-01-15 00:09:47.593905,ADMIN LOGIN SUCCESS - admin=admin - ip=127.0.0.1
2026-01-15 00:09:47.612494,LOGIN SPIKE CRITICAL - failed=67
2026-01-15 00:10:02.899010,ADMIN TOGGLED USER STATUS - user_id=1
2026-01-15 00:10:04.327203,ADMIN TOGGLED USER STATUS - user_id=1
2026-01-15 00:10:17.863797,LOGIN SPIKE CRITICAL - failed=67
2026-01-15 00:10:41.095205,LOGIN SUCCESS - user=Shweta - ip=127.0.0.1
2026-01-15 00:10:43.343782,UNAUTHORIZED ADMIN ACCESS - ip=127.0.0.1
2026-01-15 00:10:46.888319,ADMIN LOGIN SUCCESS - admin=admin - ip=127.0.0.1
2026-01-15 00:10:46.897546,LOGIN SPIKE CRITICAL - failed=67
2026-01-15 00:11:03.760890,LOGIN SUCCESS - user=soham - ip=127.0.0.1
2026-01-15 00:11:07.702520,UNAUTHORIZED ADMIN ACCESS - ip=127.0.0.1
2026-01-15 00:11:10.555704,ADMIN LOGIN SUCCESS - admin=admin - ip=127.0.0.1
2026-01-15 00:11:10.564449,LOGIN SPIKE CRITICAL - failed=67
2026-01-15 00:11:23.386128,LOGOUT - user=unknown - ip=127.0.0.1
2026-01-15 00:11:27.573247,LOGIN FAILED - user=vsfdv - ip=127.0.0.1
2026-01-15 00:11:31.144587,UNAUTHORIZED ADMIN ACCESS - ip=127.0.0.1
2026-01-15 00:11:32.276226,ADMIN LOGIN SUCCESS - admin=admin - ip=127.0.0.1
2026-01-15 00:11:32.285233,LOGIN SPIKE CRITICAL - failed=68
2026-01-15 00:11:37.919161,LOGIN SPIKE CRITICAL - failed=68
2026-01-15 00:11:42.958194,LOGIN SUCCESS - user=soham - ip=127.0.0.1
2026-01-15 00:11:46.448783,UNAUTHORIZED ADMIN ACCESS - ip=127.0.0.1
2026-01-15 00:11:49.963265,ADMIN LOGIN SUCCESS - admin=admin - ip=127.0.0.1
2026-01-15 00:11:49.973145,LOGIN SPIKE CRITICAL - failed=68
2026-01-15 00:11:52.501708,LOGIN SPIKE CRITICAL - failed=68
2026-01-15 00:15:19.908695,SECURE HTTP HEADERS CONFIGURED
2026-01-15 00:17:28.230644,SECURE HTTP HEADERS CONFIGURED
2026-01-15 00:17:43.797081,SECURE HTTP HEADERS CONFIGURED
2026-01-15 00:17:44.312510,SECURE HTTP HEADERS CONFIGURED
2026-01-15 00:18:18.063574,ADMIN LOGIN SUCCESS - admin=admin - ip=127.0.0.1
2026-01-15 00:23:59.658475,SECURE HTTP HEADERS CONFIGURED
2026-01-15 00:24:20.765361,SECURE HTTP HEADERS CONFIGURED
2026-01-15 00:24:32.689447,ADMIN LOGIN SUCCESS - admin=admin - ip=127.0.0.1
2026-01-15 00:24:32.786286,ADMIN LOGIN SUCCESS - admin=admin - ip=127.0.0.1
2026-01-15 00:26:42.673154,SECURE HTTP HEADERS CONFIGURED
2026-01-15 00:30:41.044643,SECURE HTTP HEADERS CONFIGURED
2026-01-15 00:30:42.700402,SECURE HTTP HEADERS CONFIGURED
2026-01-15 00:30:51.526324,SECURE HTTP HEADERS CONFIGURED
2026-01-15 00:30:53.401252,LOGIN SPIKE CRITICAL - failed=68
2026-01-15 00:31:14.321455,LOGIN SUCCESS - user=soham - ip=127.0.0.1
2026-01-15 00:31:14.412014,LOGIN SUCCESS - user=soham - ip=127.0.0.1
2026-01-15 00:31:18.175693,UNAUTHORIZED ADMIN ACCESS - ip=127.0.0.1
2026-01-15 00:31:20.799949,ADMIN LOGIN SUCCESS - admin=admin - ip=127.0.0.1
2026-01-15 00:31:20.810117,LOGIN SPIKE CRITICAL - failed=68
2026-01-15 00:31:26.971503,LOGIN SPIKE CRITICAL - failed=68
2026-01-15 00:31:32.205250,LOGOUT - user=unknown - ip=127.0.0.1
2026-01-15 00:31:33.474922,LOGIN FAILED - user=admin - ip=127.0.0.1
2026-01-15 00:31:36.818570,LOGIN SUCCESS - user=Shweta - ip=127.0.0.1
2026-01-15 00:31:41.382193,UNAUTHORIZED ADMIN ACCESS - ip=127.0.0.1
2026-01-15 00:31:44.485900,ADMIN LOGIN SUCCESS - admin=admin - ip=127.0.0.1
2026-01-15 00:31:44.494540,LOGIN SPIKE CRITICAL - failed=69
2026-01-15 00:31:51.017051,LOGOUT - user=unknown - ip=127.0.0.1
2026-01-15 00:31:54.941970,LOGIN SUCCESS - user=soham - ip=127.0.0.1
2026-01-15 00:31:56.937878,LOGOUT - user=soham - ip=127.0.0.1
2026-01-15 00:32:04.887823,UNAUTHORIZED ADMIN ACCESS - ip=127.0.0.1
2026-01-15 00:32:08.438207,ADMIN LOGIN SUCCESS - admin=admin - ip=127.0.0.1
2026-01-15 00:32:08.447192,LOGIN SPIKE CRITICAL - failed=69
2026-01-15 00:32:25.943321,LOGIN SUCCESS - user=sahil - ip=127.0.0.1
2026-01-15 00:32:29.794489,LOGOUT - user=sahil - ip=127.0.0.1
2026-01-15 00:32:33.867997,LOGIN SUCCESS - user=Rushikesh - ip=127.0.0.1
2026-01-15 00:32:38.568450,UNAUTHORIZED ADMIN ACCESS - ip=127.0.0.1
2026-01-15 00:32:41.878157,ADMIN LOGIN SUCCESS - admin=admin - ip=127.0.0.1
2026-01-15 00:32:41.888858,LOGIN SPIKE CRITICAL - failed=69
2026-01-15 00:32:51.609836,LOGOUT - user=unknown - ip=127.0.0.1
2026-01-15 00:32:56.795228,LOGIN SUCCESS - user=Shweta - ip=127.0.0.1
2026-01-15 00:32:59.105929,LOGOUT - user=Shweta - ip=127.0.0.1
2026-01-15 00:33:02.252347,LOGIN SUCCESS - user=Rushikesh - ip=127.0.0.1
2026-01-15 00:33:03.697714,LOGOUT - user=Rushikesh - ip=127.0.0.1
2026-01-15 00:33:07.291041,LOGIN SUCCESS - user=soham - ip=127.0.0.1
2026-01-15 00:33:08.161173,LOGOUT - user=soham - ip=127.0.0.1
2026-01-15 00:33:10.732921,LOGIN FAILED - user=Krutika - ip=127.0.0.1
2026-01-15 00:33:14.664543,LOGIN SUCCESS - user=soham - ip=127.0.0.1
2026-01-15 00:33:16.121472,LOGOUT - user=soham - ip=127.0.0.1
2026-01-15 00:33:18.040109,UNAUTHORIZED ADMIN ACCESS - ip=127.0.0.1
2026-01-15 00:33:22.213333,ADMIN LOGIN SUCCESS - admin=admin - ip=127.0.0.1
2026-01-15 00:33:22.221777,LOGIN SPIKE CRITICAL - failed=70
2026-01-15 00:57:20.120224,LOGIN SPIKE CRITICAL - failed=70
2026-01-15 00:58:29.711775,ADMIN TOGGLED USER STATUS - user_id=1
2026-01-15 00:58:41.116572,LOCKED ACCOUNT LOGIN ATTEMPT - user=soham - ip=127.0.0.1
2026-01-15 00:58:44.126626,ADMIN TOGGLED USER STATUS - user_id=1
2026-01-15 00:58:45.908101,LOGIN FAILED - user=admin - ip=127.0.0.1
2026-01-15 00:58:49.223661,LOGIN SUCCESS - user=soham - ip=127.0.0.1
2026-01-15 01:01:50.014042,ADMIN LOGIN SUCCESS - admin=admin - ip=127.0.0.1
2026-01-15 01:01:50.023462,LOGIN SPIKE CRITICAL - failed=71
2026-01-15 01:05:50.240674,LOGIN FAILED - user=soham - ip=127.0.0.1
2026-01-15 01:08:45.710859,LOGIN SPIKE CRITICAL - failed=72
2026-01-15 01:14:34.558421,LOGIN SPIKE CRITICAL - failed=72
2026-01-15 01:14:36.357078,LOGIN SPIKE CRITICAL - failed=72
2026-01-15 01:14:38.694153,LOGIN SPIKE CRITICAL - failed=72
2026-01-15 01:14:39.925654,LOGIN SPIKE CRITICAL - failed=72
2026-01-15 01:14:41.037063,LOGIN SPIKE CRITICAL - failed=72
2026-01-15 01:14:42.812792,LOGIN SPIKE CRITICAL - failed=72
2026-01-15 01:14:45.540877,LOGIN SPIKE CRITICAL - failed=72
2026-01-15 01:14:46.685239,LOGIN SPIKE CRITICAL - failed=72
2026-01-15 01:14:48.101062,LOGIN SPIKE CRITICAL - failed=72
2026-01-15 01:14:49.205152,LOGIN SPIKE CRITICAL - failed=72
2026-01-15 01:14:50.300528,LOGIN SPIKE CRITICAL - failed=72
2026-01-15 01:14:51.453589,LOGIN SPIKE CRITICAL - failed=72
2026-01-15 01:14:52.718607,LOGIN SPIKE CRITICAL - failed=72
2026-01-15 01:14:54.108643,LOGIN SPIKE CRITICAL - failed=72
2026-01-15 01:14:55.834494,LOGIN SPIKE CRITICAL - failed=72
2026-01-15 01:19:17.061076,LOGIN SPIKE CRITICAL - failed=72
2026-01-15 01:19:19.117837,LOGIN SPIKE CRITICAL - failed=72
2026-01-15 01:19:20.037437,LOGIN SPIKE CRITICAL - failed=72
2026-01-15 01:20:17.622822,LOGIN SUCCESS - user=soham - ip=127.0.0.1
2026-01-15 01:30:17.155999,ADMIN LOGIN FAILED - admin=soham - ip=127.0.0.1
2026-01-15 01:30:19.867584,ADMIN LOGIN SUCCESS - admin=admin - ip=127.0.0.1
2026-01-15 01:30:19.878841,LOGIN SPIKE CRITICAL - failed=73
2026-01-15 01:30:23.962020,LOGOUT - user=unknown - ip=127.0.0.1
2026-01-15 01:30:27.578807,LOGIN SUCCESS - user=soham - ip=127.0.0.1
2026-01-15 01:36:34.264667,LOGIN SUCCESS - user=soham - ip=127.0.0.1
2026-01-15 01:37:35.759086,LOGIN SUCCESS - user=soham - ip=127.0.0.1
2026-01-15 01:37:40.809004,LOGIN SUCCESS - user=soham - ip=127.0.0.1
2026-01-15 01:37:42.368084,LOGOUT - user=soham - ip=127.0.0.1
2026-01-15 01:37:46.775011,UNAUTHORIZED ADMIN ACCESS - ip=127.0.0.1
2026-01-15 01:37:48.876131,ADMIN LOGIN SUCCESS - admin=admin - ip=127.0.0.1
2026-01-15 01:37:48.885562,LOGIN SPIKE CRITICAL - failed=73
2026-01-15 01:38:13.486657,LOGIN SPIKE CRITICAL - failed=73
2026-01-15 01:38:13.507678,LOGIN SPIKE CRITICAL - failed=73
2026-01-15 01:52:33.958030,LOGIN SPIKE CRITICAL - failed=73
2026-01-15 01:52:47.368141,LOGIN FAILED - user=admin - ip=127.0.0.1
2026-01-15 01:53:43.746991,LOGIN FAILED - user=admin - ip=127.0.0.1
2026-01-15 01:56:08.990480,ACCOUNT LOCKED - user=admin - ip=127.0.0.1
2026-01-15 01:56:18.430559,LOGIN SUCCESS - user=soham - ip=127.0.0.1
2026-01-15 01:56:24.295969,UNAUTHORIZED ADMIN ACCESS - ip=127.0.0.1
2026-01-15 01:56:27.226181,ADMIN LOGIN SUCCESS - admin=admin - ip=127.0.0.1
2026-01-15 01:56:27.234885,LOGIN SPIKE CRITICAL - failed=75
2026-01-15 01:57:06.357273,ADMIN LOGIN SUCCESS - admin=admin - ip=127.0.0.1
2026-01-15 01:57:06.366467,LOGIN SPIKE CRITICAL - failed=75
2026-01-15 01:57:54.998821,LOGIN SPIKE CRITICAL - failed=75
2026-01-15 01:58:01.842387,ADMIN LOGIN SUCCESS - admin=admin - ip=127.0.0.1
2026-01-15 01:58:01.851525,LOGIN SPIKE CRITICAL - failed=75
2026-01-15 01:58:50.116833,LOGIN SPIKE CRITICAL - failed=75
2026-01-15 01:58:55.011616,LOGIN SPIKE CRITICAL - failed=75
2026-01-15 01:59:00.412568,LOCKED ACCOUNT LOGIN ATTEMPT - user=admin - ip=127.0.0.1
2026-01-15 01:59:02.753472,LOGIN SUCCESS - user=soham - ip=127.0.0.1
2026-01-15 01:59:30.258991,LOGIN SUCCESS - user=sahil - ip=127.0.0.1
2026-01-15 01:59:36.985019,MESSAGE SENT - user=sahil
2026-01-15 01:59:44.648691,MESSAGE SENT - user=soham
2026-01-15 02:00:03.493365,ADMIN LOGIN SUCCESS - admin=admin - ip=127.0.0.1
2026-01-15 02:00:03.502423,LOGIN SPIKE CRITICAL - failed=75
2026-01-15 02:00:18.255167,ADMIN TOGGLED USER STATUS - user_id=11
2026-01-15 02:00:34.528109,LOGOUT - user=unknown - ip=127.0.0.1
2026-01-15 02:00:36.824533,LOGOUT - user=unknown - ip=127.0.0.1
2026-01-15 02:00:40.591349,UNAUTHORIZED LOG ACCESS - ip=127.0.0.1
2026-01-15 02:00:42.492986,ADMIN LOGIN SUCCESS - admin=admin - ip=127.0.0.1
2026-01-15 02:00:42.501613,LOGIN SPIKE CRITICAL - failed=75
2026-01-15 02:04:42.454463,LOGIN SPIKE CRITICAL - failed=75
2026-01-15 02:04:49.745575,ADMIN LOGIN SUCCESS - admin=admin - ip=127.0.0.1
2026-01-15 02:04:49.755692,LOGIN SPIKE CRITICAL - failed=75
2026-01-15 02:04:52.949831,LOGIN SPIKE CRITICAL - failed=75
2026-01-15 12:19:47.340068,SECURE HTTP HEADERS CONFIGURED
2026-01-15 12:19:48.260666,SECURE HTTP HEADERS CONFIGURED
2026-01-15 12:19:58.954199,LOGIN FAILED - user=admin - ip=127.0.0.1
2026-01-15 12:20:01.347274,LOGIN SUCCESS - user=sahil - ip=127.0.0.1
2026-01-15 12:20:21.667311,ADMIN LOGIN SUCCESS - admin=admin - ip=127.0.0.1
2026-01-15 12:20:21.688760,LOGIN SPIKE CRITICAL - failed=76
2026-01-15 12:20:44.030440,LOGIN SPIKE CRITICAL - failed=76
2026-01-15 12:21:11.686014,LOGIN FAILED - user=Saurabh - ip=127.0.0.1
2026-01-15 12:21:19.570285,LOGIN FAILED - user=Krutika - ip=127.0.0.1
2026-01-15 12:21:26.302545,LOGIN SUCCESS - user=Shweta - ip=127.0.0.1
2026-01-15 12:21:41.466407,LOGIN SUCCESS - user=soham - ip=127.0.0.1
2026-01-15 12:21:53.816139,MESSAGE SENT - user=soham
2026-01-15 12:22:00.224230,MESSAGE SENT - user=Shweta
2026-01-15 12:22:20.535303,UNAUTHORIZED ADMIN ACCESS - ip=127.0.0.1
2026-01-15 12:22:24.567883,ADMIN LOGIN SUCCESS - admin=admin - ip=127.0.0.1
2026-01-15 12:22:24.578567,LOGIN SPIKE CRITICAL - failed=78
2026-01-15 12:35:28.247523,SECURE HTTP HEADERS CONFIGURED
2026-01-15 12:35:28.730151,SECURE HTTP HEADERS CONFIGURED
2026-01-15 12:35:32.852006,LOGIN SUCCESS - user=soham - ip=127.0.0.1
2026-01-15 12:37:36.153265,SECURE HTTP HEADERS CONFIGURED
2026-01-15 12:38:36.579232,SECURE HTTP HEADERS CONFIGURED
2026-01-15 12:39:54.122120,LOGIN SUCCESS - user=soham - ip=127.0.0.1
2026-01-15 12:46:03.298120,SECURE HTTP HEADERS CONFIGURED
2026-01-15 12:46:14.510316,LOGIN SUCCESS - user=soham - ip=127.0.0.1
2026-01-15 12:48:44.906161,SECURE HTTP HEADERS CONFIGURED
2026-01-15 12:48:45.426754,SECURE HTTP HEADERS CONFIGURED
2026-01-15 12:48:50.565899,LOGIN SUCCESS - user=soham - ip=127.0.0.1
2026-01-15 13:05:36.362755,SECURE HTTP HEADERS CONFIGURED
2026-01-15 13:07:08.253581,SECURE HTTP HEADERS CONFIGURED
2026-01-15 13:31:15.801726,SECURE HTTP HEADERS CONFIGURED
2026-01-15 13:35:20.822067,SECURE HTTP HEADERS CONFIGURED
2026-01-15 13:55:39.939246,SECURE HTTP HEADERS CONFIGURED
2026-01-15 14:00:43.112453,LOGIN SUCCESS - user=sahil - ip=127.0.0.1
2026-01-15 14:03:07.862744,SECURE HTTP HEADERS CONFIGURED
2026-01-15 14:04:27.578283,SECURE HTTP HEADERS CONFIGURED
2026-01-15 14:05:45.704617,LOGIN SUCCESS - user=soham - ip=127.0.0.1
2026-01-15 14:08:04.624129,LOGIN SUCCESS - user=sahil - ip=127.0.0.1
2026-01-15 14:08:11.971224,LOGIN SUCCESS - user=soham - ip=127.0.0.1
2026-01-15 14:22:15.291392,SECURE HTTP HEADERS CONFIGURED
2026-01-15 14:24:06.368387,SECURE HTTP HEADERS CONFIGURED
2026-01-15 14:24:58.702937,LOGIN SUCCESS - user=soham - ip=127.0.0.1
2026-01-15 14:24:58.791450,LOGIN SUCCESS - user=soham - ip=127.0.0.1
2026-01-15 14:25:00.684474,LOGIN SUCCESS - user=sahil - ip=127.0.0.1
2026-01-15 14:26:04.800302,SECURE HTTP HEADERS CONFIGURED
2026-01-15 14:36:34.966414,SECURE HTTP HEADERS CONFIGURED
2026-01-15 14:47:46.863870,SECURE HTTP HEADERS CONFIGURED
2026-01-15 14:48:40.245738,SECURE HTTP HEADERS CONFIGURED
2026-01-15 14:50:12.208552,LOGIN SUCCESS - user=soham - ip=127.0.0.1
2026-01-15 14:50:15.702178,LOGIN SUCCESS - user=sahil - ip=127.0.0.1
2026-01-15 15:27:44.133429,SECURE HTTP HEADERS CONFIGURED
2026-01-15 15:31:42.300806,SECURE HTTP HEADERS CONFIGURED
2026-01-15 15:31:59.114214,LOGIN SUCCESS - user=sahil - ip=127.0.0.1
2026-01-15 15:34:55.715211,SECURE HTTP HEADERS CONFIGURED
2026-01-15 15:34:56.217296,SECURE HTTP HEADERS CONFIGURED
2026-01-15 15:40:36.758120,SECURE HTTP HEADERS CONFIGURED
2026-01-15 15:40:52.886290,SECURE HTTP HEADERS CONFIGURED
2026-01-15 15:40:53.400734,SECURE HTTP HEADERS CONFIGURED
2026-01-15 15:41:36.424016,SECURE HTTP HEADERS CONFIGURED
2026-01-15 15:41:36.905500,SECURE HTTP HEADERS CONFIGURED
2026-01-15 15:45:00.227897,SECURE HTTP HEADERS CONFIGURED
2026-01-15 15:45:39.349903,SECURE HTTP HEADERS CONFIGURED
2026-01-15 15:46:05.131978,LOGIN SUCCESS - user=sahil - ip=127.0.0.1
2026-01-15 15:46:31.994506,LOGIN SUCCESS - user=soham - ip=127.0.0.1
2026-01-15 15:47:14.177333,LOGIN SUCCESS - user=soham - ip=127.0.0.1
2026-01-15 15:47:18.851266,LOGIN SUCCESS - user=sahil - ip=127.0.0.1
2026-01-15 15:48:31.524740,LOGIN SUCCESS - user=soham - ip=127.0.0.1
2026-01-15 15:49:15.045886,LOGOUT - user=soham - ip=127.0.0.1
2026-01-15 15:49:18.027128,LOGIN SUCCESS - user=soham - ip=127.0.0.1
2026-01-15 15:49:24.189567,LOGOUT - user=soham - ip=127.0.0.1
2026-01-15 15:49:27.452281,LOGIN SUCCESS - user=soham - ip=127.0.0.1
2026-01-15 15:49:33.093121,LOGOUT - user=soham - ip=127.0.0.1
2026-01-15 15:49:35.706692,LOGIN SUCCESS - user=sahil - ip=127.0.0.1
2026-01-15 15:51:11.855621,LOGIN SUCCESS - user=sahil - ip=127.0.0.1
2026-01-15 15:51:15.003886,LOGIN SUCCESS - user=soham - ip=127.0.0.1
2026-01-15 15:56:59.856400,SECURE HTTP HEADERS CONFIGURED
2026-01-15 15:57:00.350035,SECURE HTTP HEADERS CONFIGURED
2026-01-15 15:57:16.375755,LOGIN SUCCESS - user=soham - ip=127.0.0.1
2026-01-15 15:57:16.467373,LOGIN SUCCESS - user=soham - ip=127.0.0.1
2026-01-15 15:57:20.978774,LOGIN SUCCESS - user=sahil - ip=127.0.0.1
2026-01-15 19:34:06.170616,SECURE HTTP HEADERS CONFIGURED
2026-01-15 19:34:06.898657,SECURE HTTP HEADERS CONFIGURED
2026-01-15 19:34:27.665307,LOGIN SUCCESS - user=sahil - ip=127.0.0.1
2026-01-15 19:34:27.755741,LOGIN SUCCESS - user=sahil - ip=127.0.0.1
2026-01-15 19:34:31.671874,LOGIN SUCCESS - user=soham - ip=127.0.0.1
2026-01-15 19:43:29.391847,SECURE HTTP HEADERS CONFIGURED
2026-01-15 19:43:29.850858,SECURE HTTP HEADERS CONFIGURED
2026-01-15 19:43:44.130764,LOGIN SUCCESS - user=soham - ip=127.0.0.1
2026-01-15 19:43:45.768765,LOGIN SUCCESS - user=sahil - ip=127.0.0.1
2026-01-15 19:43:45.856999,LOGIN SUCCESS - user=sahil - ip=127.0.0.1
2026-01-15 19:50:40.727870,SECURE HTTP HEADERS CONFIGURED
2026-01-15 19:50:41.174302,SECURE HTTP HEADERS CONFIGURED
2026-01-15 19:50:53.754038,LOGIN SUCCESS - user=soham - ip=127.0.0.1
2026-01-15 20:14:32.420084,SECURE HTTP HEADERS CONFIGURED
2026-01-15 20:14:32.858082,SECURE HTTP HEADERS CONFIGURED
2026-01-15 20:15:01.863579,LOGIN SUCCESS - user=soham - ip=127.0.0.1
2026-01-15 20:15:04.151270,LOGOUT - user=sahil - ip=127.0.0.1
2026-01-15 20:15:05.702024,LOGIN SUCCESS - user=sahil - ip=127.0.0.1
2026-01-15 20:25:01.410399,SECURE HTTP HEADERS CONFIGURED
2026-01-15 20:25:01.883382,SECURE HTTP HEADERS CONFIGURED
2026-01-15 20:25:17.508552,LOGIN SUCCESS - user=soham - ip=127.0.0.1
2026-01-15 20:25:19.706675,LOGIN SUCCESS - user=sahil - ip=127.0.0.1
2026-01-15 20:25:19.796674,LOGIN SUCCESS - user=sahil - ip=127.0.0.1
2026-01-15 20:33:54.588771,SECURE HTTP HEADERS CONFIGURED
2026-01-15 20:35:45.001677,SECURE HTTP HEADERS CONFIGURED
2026-01-15 20:35:55.626850,SECURE HTTP HEADERS CONFIGURED
2026-01-15 20:36:25.400173,LOGIN SUCCESS - user=soham - ip=127.0.0.1
2026-01-15 20:36:25.489244,LOGIN SUCCESS - user=soham - ip=127.0.0.1
2026-01-15 20:36:28.542900,LOGIN SUCCESS - user=sahil - ip=127.0.0.1
2026-01-15 20:36:28.630220,LOGIN SUCCESS - user=sahil - ip=127.0.0.1
2026-01-15 20:37:18.812606,SECURE HTTP HEADERS CONFIGURED
2026-01-15 20:37:19.293521,SECURE HTTP HEADERS CONFIGURED
2026-01-15 20:46:58.556647,SECURE HTTP HEADERS CONFIGURED
2026-01-15 20:47:17.282050,SECURE HTTP HEADERS CONFIGURED
2026-01-15 20:47:34.989429,SECURE HTTP HEADERS CONFIGURED
2026-01-15 20:48:06.891679,SECURE HTTP HEADERS CONFIGURED
2026-01-15 20:48:07.345831,SECURE HTTP HEADERS CONFIGURED
2026-01-15 20:49:00.192566,SECURE HTTP HEADERS CONFIGURED
2026-01-15 20:49:00.650230,SECURE HTTP HEADERS CONFIGURED
2026-01-15 21:03:50.044940,SECURE HTTP HEADERS CONFIGURED
2026-01-15 21:04:51.110766,SECURE HTTP HEADERS CONFIGURED
2026-01-15 21:05:28.979179,SECURE HTTP HEADERS CONFIGURED
2026-01-15 21:06:06.242628,LOGIN SUCCESS - user=soham - ip=127.0.0.1
2026-01-15 21:06:07.493524,LOGIN SUCCESS - user=sahil - ip=127.0.0.1
2026-01-15 21:07:52.614530,SECURE HTTP HEADERS CONFIGURED
2026-01-15 21:08:12.281033,LOGIN SUCCESS - user=soham - ip=127.0.0.1
2026-01-15 21:08:13.457210,LOGIN SUCCESS - user=sahil - ip=127.0.0.1
2026-01-15 21:10:20.308672,SECURE HTTP HEADERS CONFIGURED
2026-01-15 21:10:29.255331,LOGIN SUCCESS - user=soham - ip=127.0.0.1
2026-01-15 21:10:36.856349,LOGIN SUCCESS - user=sahil - ip=127.0.0.1
2026-01-15 21:28:29.501252,SECURE HTTP HEADERS CONFIGURED
2026-01-15 21:29:09.459861,SECURE HTTP HEADERS CONFIGURED
2026-01-15 21:29:09.930427,SECURE HTTP HEADERS CONFIGURED
2026-01-15 21:29:16.298860,LOGIN SUCCESS - user=soham - ip=127.0.0.1
2026-01-15 21:29:28.160483,LOGIN SUCCESS - user=sahil - ip=127.0.0.1
2026-01-15 21:30:06.760379,LOGIN SUCCESS - user=sahil - ip=127.0.0.1
2026-01-15 21:32:06.010992,LOGIN SUCCESS - user=soham - ip=127.0.0.1
2026-01-15 21:38:11.704835,SECURE HTTP HEADERS CONFIGURED
2026-01-15 21:38:51.567230,SECURE HTTP HEADERS CONFIGURED
2026-01-15 21:41:32.217310,SECURE HTTP HEADERS CONFIGURED
2026-01-15 21:41:41.837707,SECURE HTTP HEADERS CONFIGURED
2026-01-15 21:47:09.714532,SECURE HTTP HEADERS CONFIGURED
2026-01-15 21:47:52.625145,SECURE HTTP HEADERS CONFIGURED
2026-01-15 22:23:05.422731,SECURE HTTP HEADERS CONFIGURED
2026-01-15 22:33:22.440532,SECURE HTTP HEADERS CONFIGURED
2026-01-15 22:33:22.919269,SECURE HTTP HEADERS CONFIGURED
2026-01-15 22:33:44.634889,LOGIN SUCCESS - user=sahil - ip=127.0.0.1
2026-01-15 22:34:04.155107,LOGIN SUCCESS - user=soham - ip=127.0.0.1
2026-01-15 22:44:14.252566,SECURE HTTP HEADERS CONFIGURED
2026-01-15 22:44:51.124845,SECURE HTTP HEADERS CONFIGURED
2026-01-15 22:47:07.602026,SECURE HTTP HEADERS CONFIGURED
2026-01-15 22:57:45.939144,SECURE HTTP HEADERS CONFIGURED
2026-01-15 22:58:16.731663,SECURE HTTP HEADERS CONFIGURED
2026-01-15 23:02:26.005890,SECURE HTTP HEADERS CONFIGURED
2026-01-15 23:15:37.574103,SECURE HTTP HEADERS CONFIGURED
2026-01-15 23:16:48.111195,SECURE HTTP HEADERS CONFIGURED
2026-01-15 23:16:48.553669,SECURE HTTP HEADERS CONFIGURED
2026-01-15 23:17:49.219129,SECURE HTTP HEADERS CONFIGURED
2026-01-15 23:17:49.688436,SECURE HTTP HEADERS CONFIGURED
2026-01-15 23:35:48.879588,SECURE HTTP HEADERS CONFIGURED
2026-01-15 23:35:50.486832,SECURE HTTP HEADERS CONFIGURED
2026-01-15 23:39:22.560152,SECURE HTTP HEADERS CONFIGURED
2026-01-15 23:40:12.499157,SECURE HTTP HEADERS CONFIGURED
2026-01-15 23:40:35.225335,SECURE HTTP HEADERS CONFIGURED
2026-01-15 23:40:42.823368,SECURE HTTP HEADERS CONFIGURED
2026-01-15 23:46:32.444947,ADMIN LOGIN SUCCESS - admin=admin - ip=127.0.0.1
2026-01-15 23:46:32.468208,LOGIN SPIKE CRITICAL - failed=78
2026-01-15 23:46:54.087398,LOGIN SPIKE CRITICAL - failed=78
2026-01-15 23:47:38.320969,LOGIN SUCCESS - user=sahil - ip=127.0.0.1
2026-01-15 23:47:43.228476,LOGIN SUCCESS - user=soham - ip=127.0.0.1
2026-01-15 23:49:05.312337,UNAUTHORIZED LOG ACCESS - ip=127.0.0.1
2026-01-15 23:49:07.891405,ADMIN LOGIN SUCCESS - admin=admin - ip=127.0.0.1
2026-01-15 23:49:07.905167,LOGIN SPIKE CRITICAL - failed=78
2026-01-15 23:50:51.122718,LOGIN SUCCESS - user=Shweta - ip=127.0.0.1
2026-01-15 23:50:56.976084,UNAUTHORIZED LOG ACCESS - ip=127.0.0.1
2026-01-15 23:51:00.164771,ADMIN LOGIN SUCCESS - admin=admin - ip=127.0.0.1
2026-01-15 23:51:00.172618,LOGIN SPIKE CRITICAL - failed=78
2026-01-15 23:51:45.148126,LOGIN SUCCESS - user=Shweta - ip=127.0.0.1
2026-01-15 23:52:39.807928,UNAUTHORIZED ADMIN ACCESS - ip=127.0.0.1
2026-01-15 23:52:42.466617,ADMIN LOGIN SUCCESS - admin=admin - ip=127.0.0.1
2026-01-15 23:52:42.474531,LOGIN SPIKE CRITICAL - failed=78
2026-01-15 23:53:44.540207,LOGIN FAILED - user=fthrftjh - ip=127.0.0.1
2026-01-15 23:53:46.990547,LOGIN FAILED - user=rjtyjy - ip=127.0.0.1
2026-01-15 23:53:50.256095,LOGIN FAILED - user=yjtyj - ip=127.0.0.1
2026-01-15 23:53:53.717398,LOGIN FAILED - user=adryrymin - ip=127.0.0.1
2026-01-15 23:53:56.605258,LOGIN FAILED - user=rtyrftj - ip=127.0.0.1
2026-01-15 23:53:59.637535,LOGIN FAILED - user=utyu - ip=127.0.0.1
2026-01-15 23:54:02.546261,LOGIN FAILED - user=fcrtujh - ip=127.0.0.1
2026-01-15 23:54:04.804708,LOGIN SPIKE CRITICAL - failed=85
2026-01-15 23:54:16.920300,LOGIN FAILED - user=hyfghfjh - ip=127.0.0.1
2026-01-15 23:54:19.462435,LOGIN FAILED - user=yhfjj - ip=127.0.0.1
2026-01-15 23:54:21.737427,LOGIN FAILED - user=jyhjyg - ip=127.0.0.1
2026-01-15 23:54:23.734695,LOGIN FAILED - user=jyhjg - ip=127.0.0.1
2026-01-15 23:54:26.052906,LOGIN FAILED - user=admijyhjgvyhn - ip=127.0.0.1
2026-01-15 23:54:28.301142,LOGIN SPIKE CRITICAL - failed=90
2026-01-15 23:55:17.362545,LOGIN SUCCESS - user=Rushikesh - ip=127.0.0.1
2026-01-15 23:55:22.376440,UNAUTHORIZED ADMIN ACCESS - ip=127.0.0.1
2026-01-15 23:55:26.223381,ADMIN LOGIN SUCCESS - admin=admin - ip=127.0.0.1
2026-01-15 23:55:26.233701,LOGIN SPIKE CRITICAL - failed=90
2026-01-16 00:00:08.681046,LOGIN SUCCESS - user=soham - ip=127.0.0.1
2026-01-16 00:00:56.106795,UNAUTHORIZED LOG ACCESS - ip=127.0.0.1
2026-01-16 00:01:00.236940,ADMIN LOGIN SUCCESS - admin=admin - ip=127.0.0.1
2026-01-16 00:01:00.246835,LOGIN SPIKE CRITICAL - failed=90
2026-01-16 00:01:15.351803,LOGIN SPIKE CRITICAL - failed=90
2026-01-16 00:05:08.559941,LOGIN SUCCESS - user=soham - ip=127.0.0.1
2026-01-16 00:11:25.905747,UNAUTHORIZED ADMIN ACCESS - ip=127.0.0.1
2026-01-16 00:11:28.828525,ADMIN LOGIN SUCCESS - admin=admin - ip=127.0.0.1
2026-01-16 00:11:28.836086,LOGIN SPIKE CRITICAL - failed=90
2026-01-16 00:20:59.415129,SECURE HTTP HEADERS CONFIGURED
2026-01-16 00:21:16.101863,SECURE HTTP HEADERS CONFIGURED
2026-01-16 00:21:17.675478,SECURE HTTP HEADERS CONFIGURED
2026-01-16 00:53:40.746318,SECURE HTTP HEADERS CONFIGURED
2026-01-16 00:56:45.764255,SECURE HTTP HEADERS CONFIGURED
2026-01-16 00:56:47.315642,SECURE HTTP HEADERS CONFIGURED
2026-01-16 00:59:28.088542,SECURE HTTP HEADERS CONFIGURED
2026-01-16 00:59:33.658723,SECURE HTTP HEADERS CONFIGURED
2026-01-16 00:59:52.045841,ADMIN LOGIN SUCCESS - admin=admin - ip=127.0.0.1
2026-01-16 00:59:52.059821,LOGIN SPIKE CRITICAL - failed=90
2026-01-16 01:10:02.155360,LOGIN SPIKE CRITICAL - failed=90
2026-01-16 01:15:21.231514,SECURE HTTP HEADERS CONFIGURED
2026-01-16 01:17:50.889289,SECURE HTTP HEADERS CONFIGURED
2026-01-16 01:19:35.723095,SECURE HTTP HEADERS CONFIGURED
2026-01-16 01:19:36.171785,SECURE HTTP HEADERS CONFIGURED
2026-01-16 01:19:39.478312,LOGIN SPIKE CRITICAL - failed=90
2026-01-16 01:19:43.522885,"ENCRYPTION TEST - status=PASS - details=AES encryption, MAC verification, and decryption successful"
2026-01-22 15:56:13.703336,SECURE HTTP HEADERS CONFIGURED
2026-01-22 15:56:14.178598,SECURE HTTP HEADERS CONFIGURED
2026-01-22 15:56:23.750916,LOGIN SUCCESS - user=sahil - ip=127.0.0.1
2026-01-22 15:56:53.486438,LOGIN FAILED - user=admin - ip=127.0.0.1
2026-01-22 15:56:53.577976,LOGIN FAILED - user=admin - ip=127.0.0.1
2026-01-22 15:56:59.427560,LOGIN SUCCESS - user=soham - ip=127.0.0.1
2026-01-22 15:58:05.377885,ADMIN LOGIN SUCCESS - admin=admin - ip=127.0.0.1
2026-01-22 15:58:05.399267,LOGIN SPIKE CRITICAL - failed=92
2026-01-22 16:06:28.919325,"ENCRYPTION TEST - status=PASS - details=AES encryption, MAC verification, and decryption successful"
2026-01-22 16:09:31.704030,SECURE HTTP HEADERS CONFIGURED
2026-01-22 17:35:14.120002,SECURE HTTP HEADERS CONFIGURED
2026-01-22 17:38:36.319118,SECURE HTTP HEADERS CONFIGURED
2026-01-22 17:38:46.730462,SECURE HTTP HEADERS CONFIGURED
2026-01-22 17:38:47.188064,SECURE HTTP HEADERS CONFIGURED
2026-01-22 17:39:34.070135,LOGIN SPIKE CRITICAL - failed=92
2026-01-23 23:37:06.043764,SECURE HTTP HEADERS CONFIGURED
2026-01-23 23:37:06.517886,SECURE HTTP HEADERS CONFIGURED
2026-01-23 23:37:22.055856,SECURE HTTP HEADERS CONFIGURED
2026-01-23 23:37:22.512072,SECURE HTTP HEADERS CONFIGURED
2026-01-23 23:37:35.259739,LOGIN SUCCESS - user=sahil - ip=127.0.0.1
2026-01-23 23:37:35.349996,LOGIN SUCCESS - user=sahil - ip=127.0.0.1
2026-01-23 23:37:58.252752,ADMIN LOGIN SUCCESS - admin=admin - ip=127.0.0.1
2026-01-23 23:37:58.275742,LOGIN SPIKE CRITICAL - failed=92
2026-01-23 23:59:54.209195,SECURE HTTP HEADERS CONFIGURED
2026-01-24 00:02:54.212575,SECURE HTTP HEADERS CONFIGURED
2026-01-24 01:05:00.082153,SECURE HTTP HEADERS CONFIGURED
2026-01-31 23:36:09.594869,SECURE HTTP HEADERS CONFIGURED
2026-01-31 23:36:10.072528,SECURE HTTP HEADERS CONFIGURED
2026-01-31 23:41:26.612476,LOGIN SUCCESS - user=sahil - ip=127.0.0.1
2026-01-31 23:42:31.893369,LOGIN FAILED - user=Krutika - ip=127.0.0.1
2026-01-31 23:44:51.823880,LOGIN FAILED - user=Krutika - ip=127.0.0.1
2026-01-31 23:44:59.557836,LOGOUT - user=sahil - ip=127.0.0.1
2026-01-31 23:45:50.903285,LOGIN FAILED - user=Krutika - ip=127.0.0.1
2026-01-31 23:46:32.581579,LOGIN FAILED - user=Krutika - ip=127.0.0.1
2026-01-31 23:46:45.475053,LOGIN SUCCESS - user=Rushikesh - ip=127.0.0.1
2026-01-31 23:47:04.243696,LOGIN SUCCESS - user=Soham - ip=127.0.0.1
2026-01-31 23:59:18.878167,LOGIN SUCCESS - user=soham - ip=127.0.0.1
2026-02-01 00:29:16.064470,ADMIN LOGIN SUCCESS - admin=admin - ip=127.0.0.1
2026-02-01 00:29:16.087915,LOGIN SPIKE CRITICAL - failed=96
2026-02-01 00:29:56.655409,LOGIN SPIKE CRITICAL - failed=96
2026-02-01 02:00:15.885006,SECURE HTTP HEADERS CONFIGURED
2026-02-01 02:00:40.223802,LOGIN SUCCESS - user=soham - ip=127.0.0.1
2026-02-01 02:01:59.726926,SECURE HTTP HEADERS CONFIGURED
2026-02-01 02:02:00.181613,SECURE HTTP HEADERS CONFIGURED
2026-02-01 02:06:45.837109,SECURE HTTP HEADERS CONFIGURED
2026-02-01 02:21:32.010004,SECURE HTTP HEADERS CONFIGURED
2026-02-01 02:22:57.293642,SECURE HTTP HEADERS CONFIGURED
2026-02-01 02:36:34.165930,SECURE HTTP HEADERS CONFIGURED
2026-02-01 03:45:00.646592,SECURE HTTP HEADERS CONFIGURED
2026-02-01 03:45:01.105835,SECURE HTTP HEADERS CONFIGURED
2026-02-01 03:45:13.717215,LOGIN SUCCESS - user=Rushikesh - ip=127.0.0.1
2026-02-01 03:45:16.818710,LOGIN SUCCESS - user=soham - ip=127.0.0.1
2026-02-01 03:45:28.828959,UNAUTHORIZED ADMIN ACCESS - ip=127.0.0.1
2026-02-01 03:48:53.203076,SECURE HTTP HEADERS CONFIGURED
2026-02-01 03:48:53.653170,SECURE HTTP HEADERS CONFIGURED
2026-02-01 03:49:15.574197,ADMIN LOGIN SUCCESS - admin=admin - ip=127.0.0.1
2026-02-01 03:49:15.593708,LOGIN SPIKE CRITICAL - failed=96
2026-02-01 03:49:46.816858,LOGIN SUCCESS - user=Rushikesh - ip=127.0.0.1
2026-02-01 03:57:42.668032,SECURE HTTP HEADERS CONFIGURED
2026-02-01 03:58:33.601780,SECURE HTTP HEADERS CONFIGURED
2026-02-01 04:05:40.911887,SECURE HTTP HEADERS CONFIGURED
2026-02-01 04:05:41.378497,SECURE HTTP HEADERS CONFIGURED
2026-02-01 04:05:45.659788,LOGIN SUCCESS - user=Rushikesh - ip=127.0.0.1
2026-02-01 04:05:49.714749,UNAUTHORIZED ADMIN ACCESS - ip=127.0.0.1
2026-02-01 04:05:53.335668,ADMIN LOGIN SUCCESS - admin=admin - ip=127.0.0.1
2026-02-01 04:05:53.349549,LOGIN SPIKE CRITICAL - failed=96
2026-02-01 04:06:55.453680,SECURE HTTP HEADERS CONFIGURED
2026-02-01 04:06:57.028595,SECURE HTTP HEADERS CONFIGURED
2026-02-01 04:07:05.352421,LOGIN SUCCESS - user=Rushikesh - ip=127.0.0.1
2026-02-01 04:07:15.715746,LOGOUT - user=Rushikesh - ip=127.0.0.1
2026-02-01 04:09:11.861069,SECURE HTTP HEADERS CONFIGURED
2026-02-01 04:09:12.370195,SECURE HTTP HEADERS CONFIGURED
2026-02-01 04:09:17.035216,LOGIN SUCCESS - user=Rushikesh - ip=127.0.0.1
2026-02-01 04:11:19.952356,LOGIN SUCCESS - user=soham - ip=127.0.0.1
2026-02-01 04:12:52.530274,LOGIN SUCCESS - user=Rushikesh - ip=127.0.0.1
2026-02-01 04:13:01.076535,ADMIN LOGIN SUCCESS - admin=admin - ip=127.0.0.1
2026-02-01 04:13:01.089984,LOGIN SPIKE CRITICAL - failed=96
2026-02-01 04:16:34.878823,LOGIN SPIKE CRITICAL - failed=96
2026-02-01 04:16:43.046381,LOGIN SPIKE CRITICAL - failed=96
2026-02-01 04:16:45.379382,LOGIN SPIKE CRITICAL - failed=96
2026-02-01 04:17:01.101935,LOGIN SPIKE CRITICAL - failed=96
2026-02-01 04:17:12.503099,ADMIN LOGIN SUCCESS - admin=admin - ip=127.0.0.1
2026-02-01 04:17:12.512561,LOGIN SPIKE CRITICAL - failed=96
2026-02-01 04:27:32.540949,LOGIN SPIKE CRITICAL - failed=96
2026-02-01 04:29:48.992555,SECURE HTTP HEADERS CONFIGURED
2026-02-01 04:32:03.331335,ADMIN LOGIN SUCCESS - admin=admin - ip=127.0.0.1
2026-02-01 04:32:03.346018,LOGIN SPIKE CRITICAL - failed=96
2026-02-01 04:32:09.826730,ADMIN LOGIN SUCCESS - admin=admin - ip=127.0.0.1
2026-02-01 04:32:09.836686,LOGIN SPIKE CRITICAL - failed=96
2026-02-01 04:32:20.518287,LOGIN FAILED - user=soham - ip=127.0.0.1
2026-02-01 04:32:25.987019,LOGIN FAILED - user=soham - ip=127.0.0.1
2026-02-01 04:32:27.532795,LOGIN FAILED - user=soham - ip=127.0.0.1
2026-02-01 04:32:29.003808,LOGIN FAILED - user=soham - ip=127.0.0.1
2026-02-01 04:32:32.396012,LOGIN SPIKE CRITICAL - failed=100
2026-02-01 04:33:05.925916,SECURE HTTP HEADERS CONFIGURED
2026-02-01 04:33:06.377861,SECURE HTTP HEADERS CONFIGURED
2026-02-01 04:33:21.060936,LOGIN SPIKE CRITICAL - failed=100
2026-02-01 04:33:30.564339,LOGIN SPIKE CRITICAL - failed=100
2026-02-01 04:33:50.563750,LOGIN SPIKE CRITICAL - failed=100
2026-02-01 04:34:52.201955,ADMIN LOGIN SUCCESS - admin=admin - ip=127.0.0.1
2026-02-01 04:34:52.210465,LOGIN SPIKE CRITICAL - failed=100
2026-02-01 04:35:52.063444,UNAUTHORIZED ADMIN PAGE ACCESS - user=soham - ip=127.0.0.1
2026-02-01 04:36:02.859232,ACCOUNT LOCKED - user=soham - ip=127.0.0.1
2026-02-01 04:36:23.936062,UNAUTHORIZED ADMIN PAGE ACCESS - user=soham - ip=127.0.0.1
2026-02-01 04:36:31.823984,ADMIN LOGIN FAILED - admin=soham - ip=127.0.0.1
2026-02-01 04:36:34.919080,ADMIN LOGIN SUCCESS - admin=admin - ip=127.0.0.1
2026-02-01 04:36:34.929401,LOGIN SPIKE CRITICAL - failed=101
2026-02-01 04:37:34.120828,LOGIN SPIKE CRITICAL - failed=101
2026-02-01 04:37:52.623004,LOGIN SPIKE CRITICAL - failed=101
2026-02-01 04:38:00.058019,ADMIN LOGIN SUCCESS - admin=admin - ip=127.0.0.1
2026-02-01 04:38:00.067710,LOGIN SPIKE CRITICAL - failed=101
2026-02-01 04:46:59.806790,SECURE HTTP HEADERS CONFIGURED
2026-02-01 04:47:00.273811,SECURE HTTP HEADERS CONFIGURED
2026-02-01 04:47:06.888694,LOGIN SUCCESS - user=Rushikesh - ip=127.0.0.1
2026-02-01 04:47:28.056838,LOCKED ACCOUNT LOGIN ATTEMPT - user=soham - ip=127.0.0.1
2026-02-01 04:47:32.225852,LOGIN SUCCESS - user=sahil - ip=127.0.0.1
2026-02-01 04:48:33.391488,UNAUTHORIZED ADMIN PAGE ACCESS - user=sahil - ip=127.0.0.1
2026-02-01 04:49:19.929936,ADMIN LOGIN SUCCESS - admin=admin - ip=127.0.0.1
2026-02-01 04:49:19.944526,LOGIN SPIKE CRITICAL - failed=101
2026-02-01 04:50:05.020618,LOGIN FAILED - user=Rushikesh - ip=127.0.0.1
2026-02-01 04:50:06.649169,LOGIN SPIKE CRITICAL - failed=102
2026-02-01 04:50:13.100485,LOGIN FAILED - user=Rushikesh - ip=127.0.0.1
2026-02-01 04:50:15.898639,LOGIN FAILED - user=Rushikesh - ip=127.0.0.1
2026-02-01 04:50:18.672735,LOGIN SPIKE CRITICAL - failed=104
2026-02-01 04:50:52.584512,SECURE HTTP HEADERS CONFIGURED
2026-02-01 04:51:30.400341,SECURE HTTP HEADERS CONFIGURED
2026-02-01 04:51:35.654632,LOGIN SUCCESS - user=Rushikesh - ip=127.0.0.1
2026-02-01 12:05:09.615105,SECURE HTTP HEADERS CONFIGURED
2026-02-01 12:05:10.076176,SECURE HTTP HEADERS CONFIGURED
2026-02-01 12:05:50.356183,LOCKED ACCOUNT LOGIN ATTEMPT - user=soham - ip=127.0.0.1
2026-02-01 12:06:05.152598,ADMIN LOGIN SUCCESS - admin=admin - ip=127.0.0.1
2026-02-01 12:06:05.174485,LOGIN SPIKE CRITICAL - failed=104
2026-02-01 12:06:20.020256,ADMIN TOGGLED USER STATUS - user_id=1
2026-02-01 12:07:44.209203,LOGIN SUCCESS - user=Rushikesh - ip=127.0.0.1
2026-02-01 12:08:03.989997,LOGIN SUCCESS - user=soham - ip=127.0.0.1
2026-02-01 12:09:52.802811,LOGIN SUCCESS - user=soham - ip=127.0.0.1
2026-02-01 12:09:53.963760,LOGIN SUCCESS - user=Rushikesh - ip=127.0.0.1
2026-02-01 12:10:38.167646,UNAUTHORIZED ADMIN PAGE ACCESS - user=soham - ip=127.0.0.1
2026-02-01 12:10:47.641681,ADMIN LOGIN SUCCESS - admin=admin - ip=127.0.0.1
2026-02-01 12:10:47.650568,LOGIN SPIKE CRITICAL - failed=104
2026-02-01 12:12:00.598052,ADMIN LOGIN SUCCESS - admin=admin - ip=127.0.0.1
2026-02-01 12:12:00.607344,LOGIN SPIKE CRITICAL - failed=104
2026-02-01 12:46:19.400215,LOGIN SPIKE CRITICAL - failed=104
2026-02-01 12:46:48.632344,LOGIN SPIKE CRITICAL - failed=104
2026-02-01 12:46:55.322584,LOGIN SPIKE CRITICAL - failed=104
2026-02-01 12:49:20.010753,LOGIN SPIKE CRITICAL - failed=104
2026-02-01 13:14:46.977374,LOGIN SPIKE CRITICAL - failed=104
2026-02-01 17:26:30.002940,SECURE HTTP HEADERS CONFIGURED
2026-02-01 17:26:30.487313,SECURE HTTP HEADERS CONFIGURED
2026-02-01 17:27:20.758630,LOGIN SUCCESS - user=Rushikesh - ip=127.0.0.1
2026-02-01 17:27:25.107427,LOGIN SUCCESS - user=soham - ip=127.0.0.1
2026-02-01 17:27:59.737068,ADMIN LOGIN SUCCESS - admin=admin - ip=127.0.0.1
2026-02-01 17:27:59.758495,LOGIN SPIKE CRITICAL - failed=104
2026-02-01 17:28:57.190863,LOGIN FAILED - user=Rushikesh - ip=127.0.0.1
2026-02-01 17:29:01.954775,LOGIN FAILED - user=Rusho8ioikesh - ip=127.0.0.1
2026-02-01 17:29:04.911955,LOGIN FAILED - user=o9uio - ip=127.0.0.1
2026-02-01 17:29:07.386778,LOGIN FAILED - user=o99uio - ip=127.0.0.1
2026-02-01 17:29:09.843410,LOGIN FAILED - user=9iuo9iuo - ip=127.0.0.1
2026-02-01 17:29:13.826108,LOGIN FAILED - user=o9hl.i9 - ip=127.0.0.1
2026-02-01 17:29:17.255366,LOGIN FAILED - user=o9hl.i9 - ip=127.0.0.1
2026-02-01 17:29:20.009665,LOGIN SPIKE CRITICAL - failed=111
2026-02-01 17:34:24.678362,LOGIN SUCCESS - user=Rushikesh - ip=127.0.0.1
2026-02-01 18:06:34.119246,UNAUTHORIZED ADMIN PAGE ACCESS - user=Rushikesh - ip=127.0.0.1
2026-02-01 18:06:34.382584,UNAUTHORIZED ADMIN PAGE ACCESS - user=Rushikesh - ip=127.0.0.1
2026-02-01 18:06:50.779732,ADMIN LOGIN SUCCESS - admin=admin - ip=127.0.0.1
2026-02-01 18:06:50.787958,LOGIN SPIKE CRITICAL - failed=111
2026-02-01 19:09:29.412675,LOGIN SPIKE CRITICAL - failed=111
2026-02-01 19:10:56.813364,LOGIN SPIKE CRITICAL - failed=111
2026-02-01 19:11:57.464204,LOGIN SPIKE CRITICAL - failed=111
2026-02-01 19:12:59.825244,LOGIN SPIKE CRITICAL - failed=111
2026-02-01 19:13:18.512774,LOGIN SPIKE CRITICAL - failed=111
2026-02-01 19:19:56.865474,LOGIN SPIKE CRITICAL - failed=111
2026-02-01 19:20:26.662961,LOGIN SPIKE CRITICAL - failed=111
2026-02-01 19:25:54.841709,SECURE HTTP HEADERS CONFIGURED
2026-02-01 19:31:10.955559,SECURE HTTP HEADERS CONFIGURED
2026-02-01 19:31:20.837863,ADMIN LOGIN SUCCESS - admin=admin - ip=127.0.0.1
2026-02-01 19:31:20.851483,LOGIN SPIKE CRITICAL - failed=111
2026-02-01 20:17:08.546047,ADMIN LOGIN SUCCESS - admin=admin - ip=127.0.0.1
2026-02-01 20:17:08.556829,LOGIN SPIKE CRITICAL - failed=111
2026-02-01 20:18:16.138108,LOGIN SPIKE CRITICAL - failed=111
2026-02-01 20:19:27.392148,LOGIN SPIKE CRITICAL - failed=111
2026-02-01 20:19:35.272619,LOGIN SPIKE CRITICAL - failed=111
2026-02-01 20:19:45.823802,LOGIN SPIKE CRITICAL - failed=111
2026-02-01 20:21:03.648139,LOGIN SUCCESS - user=soham - ip=127.0.0.1
2026-02-01 20:21:19.895452,LOGIN SPIKE CRITICAL - failed=111
2026-02-01 20:21:34.121089,LOGIN SUCCESS - user=sahil - ip=127.0.0.1
2026-02-01 20:21:34.217030,LOGIN SUCCESS - user=sahil - ip=127.0.0.1
2026-02-01 20:26:12.313085,ADMIN LOGIN SUCCESS - admin=admin - ip=127.0.0.1
2026-02-01 20:26:12.321138,LOGIN SPIKE CRITICAL - failed=111
2026-02-01 20:27:37.928297,ADMIN LOGIN SUCCESS - admin=admin - ip=127.0.0.1
2026-02-01 20:27:37.935904,LOGIN SPIKE CRITICAL - failed=111
2026-02-01 20:30:19.593583,ADMIN LOGIN SUCCESS - admin=admin - ip=127.0.0.1
2026-02-01 20:30:19.601901,LOGIN SPIKE CRITICAL - failed=111
2026-02-01 20:32:15.880965,LOGIN SPIKE CRITICAL - failed=111
2026-02-01 20:32:22.551082,LOGIN SPIKE CRITICAL - failed=111
2026-02-01 20:40:10.535489,LOGIN SPIKE CRITICAL - failed=111
2026-02-01 20:44:46.048675,LOGIN SUCCESS - user=soham - ip=127.0.0.1
2026-02-01 20:44:46.966080,LOGIN SUCCESS - user=sahil - ip=127.0.0.1
2026-02-01 20:45:31.095028,ADMIN LOGIN FAILED - admin=soham - ip=127.0.0.1
2026-02-01 20:45:33.347764,ADMIN LOGIN SUCCESS - admin=admin - ip=127.0.0.1
2026-02-01 20:45:33.357803,LOGIN SPIKE CRITICAL - failed=112
2026-02-01 20:46:11.994204,LOGIN SPIKE CRITICAL - failed=112
2026-02-01 20:52:17.017241,LOGIN SPIKE CRITICAL - failed=112
2026-02-01 20:54:29.949120,LOGIN FAILED - user=yg6ryy - ip=127.0.0.1
2026-02-01 20:54:32.571320,LOGIN FAILED - user=sahilyr5yhr6 - ip=127.0.0.1
2026-02-01 20:54:34.965958,LOGIN FAILED - user=sahily6r6y - ip=127.0.0.1
2026-02-01 20:54:37.630772,LOGIN FAILED - user=sahiy5rty66rl - ip=127.0.0.1
2026-02-01 20:54:40.020862,LOGIN FAILED - user=sy5ryahil - ip=127.0.0.1
2026-02-01 20:54:42.909265,LOGIN FAILED - user=say6hil - ip=127.0.0.1
2026-02-01 20:54:47.059038,LOGIN SPIKE CRITICAL - failed=118
2026-02-01 21:36:32.873415,SECURE HTTP HEADERS CONFIGURED
2026-02-01 21:36:33.366663,SECURE HTTP HEADERS CONFIGURED
2026-02-01 21:37:01.974152,ADMIN LOGIN SUCCESS - admin=admin - ip=127.0.0.1
2026-02-01 21:37:02.062454,ADMIN LOGIN SUCCESS - admin=admin - ip=127.0.0.1
2026-02-01 21:37:02.086827,LOGIN SPIKE CRITICAL - failed=118
2026-02-01 21:41:51.292206,SECURE HTTP HEADERS CONFIGURED
2026-02-01 21:45:31.428285,LOGIN SPIKE CRITICAL - failed=118
2026-02-01 21:48:47.158552,LOGIN FAILED - user=admin - ip=127.0.0.1
2026-02-01 21:48:50.475219,LOGIN SUCCESS - user=soham - ip=127.0.0.1
2026-02-01 21:49:11.027998,ADMIN LOGIN SUCCESS - admin=admin - ip=127.0.0.1
2026-02-01 21:49:11.037431,LOGIN SPIKE CRITICAL - failed=119
2026-02-01 21:50:19.738828,LOGIN SPIKE CRITICAL - failed=119
2026-02-01 22:01:06.428733,LOGIN SPIKE CRITICAL - failed=119
2026-02-01 22:07:17.235662,LOGIN SPIKE CRITICAL - failed=119
2026-06-13 22:50:37.482299,SECURE HTTP HEADERS CONFIGURED
2026-06-13 22:50:38.058693,SECURE HTTP HEADERS CONFIGURED
2026-06-13 22:51:35.922231,ACCOUNT LOCKED - user=admin - ip=127.0.0.1
2026-06-13 22:51:53.611507,ADMIN LOGIN SUCCESS - admin=admin - ip=127.0.0.1
2026-06-13 22:51:53.644216,LOGIN SPIKE CRITICAL - failed=119
2026-06-13 23:02:06.552388,LOGIN SPIKE CRITICAL - failed=119
2026-06-13 23:05:15.458326,SECURE HTTP HEADERS CONFIGURED
2026-06-13 23:11:54.937959,SECURE HTTP HEADERS CONFIGURED
2026-06-13 23:13:44.443447,SECURE HTTP HEADERS CONFIGURED
2026-06-13 23:36:54.591423,SECURE HTTP HEADERS CONFIGURED
2026-06-13 23:44:03.863858,LOGIN SPIKE CRITICAL - failed=119
2026-06-14 00:41:18.262441,LOGIN SPIKE CRITICAL - failed=119
2026-06-14 01:20:07.783520,LOGIN SPIKE CRITICAL - failed=119
2026-06-14 02:15:11.761627,SECURE HTTP HEADERS CONFIGURED
2026-06-14 02:15:14.557077,LOGIN SPIKE CRITICAL - failed=119
2026-06-14 10:54:42.441929,SECURE HTTP HEADERS CONFIGURED
2026-06-14 10:54:42.909729,SECURE HTTP HEADERS CONFIGURED
2026-06-14 10:55:10.302330,ADMIN LOGIN SUCCESS - admin=admin - ip=127.0.0.1
2026-06-14 10:55:10.328419,LOGIN SPIKE CRITICAL - failed=119
2026-06-14 10:59:19.799811,SECURE HTTP HEADERS CONFIGURED
2026-06-14 11:12:16.175710,SECURE HTTP HEADERS CONFIGURED
2026-06-14 11:12:52.758027,SECURE HTTP HEADERS CONFIGURED
2026-06-14 11:13:48.302192,SECURE HTTP HEADERS CONFIGURED
2026-06-14 11:13:48.774810,SECURE HTTP HEADERS CONFIGURED
2026-06-14 12:33:30.886863,SECURE HTTP HEADERS CONFIGURED
2026-06-20 17:45:13.190633,SECURE HTTP HEADERS CONFIGURED
2026-06-20 17:45:13.728819,SECURE HTTP HEADERS CONFIGURED
2026-06-20 17:46:08.474085,ADMIN LOGIN SUCCESS - admin=admin - ip=127.0.0.1
2026-06-20 17:46:08.506857,LOGIN SPIKE CRITICAL - failed=119
2026-06-20 17:46:43.680601,LOGIN SPIKE CRITICAL - failed=119
2026-06-20 17:49:57.634271,SECURE HTTP HEADERS CONFIGURED
2026-06-20 17:50:22.437560,SECURE HTTP HEADERS CONFIGURED
2026-06-20 17:50:48.221880,SECURE HTTP HEADERS CONFIGURED
2026-06-20 17:51:15.033069,SECURE HTTP HEADERS CONFIGURED
2026-06-20 17:51:40.827752,SECURE HTTP HEADERS CONFIGURED
2026-06-20 18:09:48.892276,LOGIN SPIKE CRITICAL - failed=119
